movie_name,genre,rating,vote_count,duration
Eden,thriller,6.4,13000,2h 9m
Relay,thriller,7.3,2000,1h 52m
Alien: Romulus,thriller,7.1,264000,1h 59m
Heretic,thriller,7.0,184000,1h 51m
The Surfer,thriller,6.0,14000,1h 40m
Babygirl,thriller,5.8,70000,1h 54m
Longlegs,thriller,6.6,202000,1h 41m
The Beekeeper,thriller,6.3,168000,1h 45m
Drive-Away Dolls,thriller,5.4,25000,1h 24m
Carry-On,thriller,6.5,178000,1h 59m
Conclave,thriller,7.4,217000,2h
Rebel Ridge,thriller,6.8,95000,2h 11m
Kraven the Hunter,thriller,5.5,71000,2h 7m
Twisters,thriller,6.5,182000,2h 2m
The Order,thriller,6.8,54000,1h 56m
Juror #2,thriller,7.0,112000,1h 54m
Kingdom of the Planet of the Apes,thriller,6.8,159000,2h 25m
Civil War,thriller,7.0,250000,1h 49m
Speak No Evil,thriller,6.8,118000,1h 50m
A Sacrifice,thriller,5.0,6300,1h 34m
Blink Twice,thriller,6.5,116000,1h 42m
Wolfs,thriller,6.5,93000,1h 48m
Subservience,thriller,5.4,32000,1h 46m
Road House,thriller,6.2,174000,2h 1m
Smile 2,thriller,6.7,122000,2h 7m
Presence,thriller,6.1,35000,1h 24m
Venom: The Last Dance,thriller,6.0,139000,1h 50m
The Count of Monte-Cristo,thriller,7.6,40000,2h 58m
Trap,thriller,5.8,149000,1h 45m
Oddity,thriller,6.7,50000,1h 38m
The Union,thriller,5.5,55000,1h 47m
September 5,thriller,7.1,30000,1h 35m
Borderlands,thriller,4.7,53000,1h 41m
Joker: Folie à Deux,thriller,5.2,171000,2h 18m
40 Acres,thriller,6.5,3500,1h 53m
Abigail,thriller,6.5,104000,1h 49m
Sharp Corner,thriller,5.9,2900,1h 50m
It's What's Inside,thriller,6.6,46000,1h 43m
Madame Web,thriller,4.1,106000,1h 56m
Caddo Lake,thriller,6.8,48000,1h 43m
Argylle,thriller,5.6,96000,2h 19m
A Quiet Place: Day One,thriller,6.3,160000,1h 39m
Elevation,thriller,5.6,26000,1h 31m
The A-Frame,thriller,5.4,187,1h 22m
Land of Bad,thriller,6.6,55000,1h 53m
Bad Boys: Ride or Die,thriller,6.5,106000,1h 55m
Barron's Cove,thriller,6.0,757,1h 56m
Monkey Man,thriller,6.8,96000,2h 1m
Don't Move,thriller,5.8,42000,1h 32m
Maharaja,thriller,8.4,73000,2h 21m
Arcadian,thriller,5.5,25000,1h 32m
The Watchers,thriller,5.7,61000,1h 42m
Miller's Girl,thriller,5.2,25000,1h 33m
Love Lies Bleeding,thriller,6.6,60000,1h 44m
Godzilla x Kong: The New Empire,thriller,6.0,127000,1h 55m
Sleeping Dogs,thriller,6.2,24000,1h 50m
Salem's Lot,thriller,5.6,37000,1h 54m
Noise,thriller,5.8,353,1h 33m
Beverly Hills Cop: Axel F,thriller,6.4,84000,1h 58m
The Crow,thriller,4.7,38000,1h 51m
Emilia Pérez,thriller,5.4,93000,2h 12m
River of Blood,thriller,4.8,2500,1h 26m
Bone Lake,thriller,6.6,89,1h 34m
Long Distance,thriller,5.7,5400,1h 26m
Cloud,thriller,6.4,2400,2h 4m
Kung Fu Panda 4,thriller,6.3,73000,1h 34m
Immaculate,thriller,5.8,56000,1h 29m
The Luckiest Man in America,thriller,6.2,5200,1h 31m
The Deliverance,thriller,5.1,24000,1h 52m
A Different Man,thriller,6.9,34000,1h 52m
Cuckoo,thriller,5.7,31000,1h 42m
Apartment 7A,thriller,5.9,18000,1h 47m
MadS,thriller,6.4,9700,1h 29m
Lembayung,thriller,5.9,824,2h 3m
Room Six,thriller,3.9,189,1h 21m
Mørkeland,thriller,6.2,1300,1h 39m
The Killer,thriller,5.7,15000,2h 6m
The Instigators,thriller,6.2,40000,1h 41m
The Rule of Jenny Pen,thriller,6.2,7800,1h 44m
Lucky Baskhar,thriller,8.0,37000,2h 28m
Time Cut,thriller,5.0,21000,1h 31m
Night Swim,thriller,4.7,29000,1h 38m
The Shadow Strays,thriller,6.5,10000,2h 24m
King Ivory,thriller,6.2,470,2h 10m
The Killer's Game,thriller,5.8,19000,1h 44m
Force of Nature: The Dry 2,thriller,5.9,8100,2h
Atlas,thriller,5.6,58000,1h 58m
The Shrouds,thriller,5.8,5800,2h
In Vitro,thriller,5.6,427,1h 29m
Hellboy: The Crooked Man,thriller,4.5,15000,1h 39m
The Seed of the Sacred Fig,thriller,7.6,17000,2h 47m
Shelby Oaks,thriller,5.4,363,1h 39m
Pushpa: The Rule - Part 2,thriller,6.1,61000,3h 21m
Kalki 2898 AD,thriller,7.0,70000,3h
Weekend in Taipei,thriller,5.7,5900,1h 40m
Went Up the Hill,thriller,6.2,222,1h 40m
Dirty Angels,thriller,4.5,4900,1h 44m
Werewolves,thriller,4.4,8100,1h 33m
Ask Me What You Want,thriller,3.9,1500,1h 54m
Lift,thriller,5.5,51000,1h 47m
F*** Marry Kill,thriller,5.4,4200,1h 37m
Bring Them Down,thriller,6.5,4800,1h 46m
Survive,thriller,4.6,3800,1h 30m
Dirty Boy,thriller,7.4,53,1h 38m
Queen of Bones,thriller,4.5,424,1h 30m
Please Don't Feed the Children,thriller,4.7,863,1h 34m
Homestead,thriller,5.2,4500,1h 52m
The Cut,thriller,6.7,133,1h 39m
Mothers' Instinct,thriller,6.3,22000,1h 34m
Long Gone Heroes,thriller,5.1,1600,1h 41m
Absolution,thriller,5.2,9600,1h 52m
The Courier,thriller,6.0,4900,1h 41m
The Master and Margarita,thriller,7.1,5600,2h 36m
In a Violent Nature,thriller,5.6,29000,1h 34m
Megamind vs. The Doom Syndicate,thriller,2.4,5900,1h 23m
Apocalypse Z: The Beginning of the End,thriller,6.1,22000,1h 57m
Never Let Go,thriller,5.4,17000,1h 41m
Uprising,thriller,6.6,6300,2h 6m
Push,thriller,4.7,782,1h 29m
Greedy People,thriller,6.2,13000,1h 52m
The Platform 2,thriller,4.9,43000,1h 39m
Cellar Door,thriller,5.2,5200,1h 37m
Boneyard,thriller,4.1,5500,1h 36m
Demon Slayer: Kimetsu No Yaiba - To the Hashira Training,thriller,7.2,9300,1h 44m
The Silent Hour,thriller,6.1,8900,1h 39m
Levels,thriller,5.0,1700,1h 33m
Under Paris,thriller,5.2,38000,1h 44m
Die Alone,thriller,5.8,4300,1h 30m
Bramayugam,thriller,7.8,15000,2h 19m
Armor,thriller,3.6,5000,1h 29m
The Wasp,thriller,6.1,5400,1h 36m
Skincare,thriller,5.7,5300,1h 36m
Canary Black,thriller,5.4,13000,1h 41m
The Prosecutor,thriller,6.5,3200,1h 57m
Succubus,thriller,4.6,1500,1h 43m
Dead Mail,thriller,6.0,2600,1h 46m
The Devil's Bath,thriller,6.6,7100,2h 1m
Kishkindha Kaandam,thriller,8.0,14000,2h 13m
Scurry,thriller,7.8,32,1h 30m
The Old Bachelor,thriller,7.9,1600,3h 12m
Take Cover,thriller,5.1,3300,1h 30m
Night Call,thriller,6.7,2800,1h 37m
On the Run,thriller,5.0,157,1h 40m
Red Right Hand,thriller,5.5,6300,1h 51m
Slingshot,thriller,5.7,11000,1h 48m
Alien: Rubicon,thriller,2.4,673,1h 26m
Chime,thriller,6.4,3000,45m
Sew Torn,thriller,6.0,1300,1h 40m
Black Dog,thriller,7.2,4300,1h 56m
Trigger Warning,thriller,4.6,20000,1h 46m
Shaitaan,thriller,6.5,55000,2h 12m
Magpie,thriller,6.2,4200,1h 30m
Life After Fighting,thriller,6.4,2300,2h 6m
Marmalade,thriller,6.3,3900,1h 39m
Twilight of the Warriors: Walled In,thriller,6.9,11000,2h 6m
Whisper of the Witch,thriller,3.9,353,1h 35m
Guns & Moses,thriller,6.4,270,1h 34m
Everyone Is Going to Die,thriller,3.8,470,1h 24m
Saint Clare,thriller,4.5,733,1h 32m
2073,thriller,5.1,3500,1h 25m
Blackwater Lane,thriller,4.6,2500,1h 48m
Killer Heat,thriller,5.6,14000,1h 35m
Manjummel Boys,thriller,8.2,30000,2h 15m
Santosh,thriller,7.1,2900,2h 8m
Saripodhaa Sanivaaram,thriller,7.0,11000,2h 46m
Black,thriller,7.1,3000,1h 55m
Outbreak,thriller,4.4,1500,1h 28m
Marco,thriller,6.7,24000,2h 25m
Grave Torture,thriller,6.2,3200,1h 57m
Do Patti,thriller,6.3,70000,2h 6m
The Corpse Washer,thriller,6.1,1400,1h 47m
The Exorcism,thriller,4.2,12000,1h 35m
Winner,thriller,6.5,2900,1h 43m
Sting,thriller,5.7,18000,1h 31m
Amber Alert,thriller,6.1,6300,1h 30m
Imaginary,thriller,4.7,18000,1h 44m
Sookshma Darshini,thriller,7.8,12000,2h 22m
The Soul Eater,thriller,5.8,3200,1h 48m
The Kingdom,thriller,7.0,1400,1h 52m
Bonhoeffer: Pastor. Spy. Assassin.,thriller,6.2,4100,2h 13m
My Fault,thriller,4.2,7200,2h
Something in the Water,thriller,4.1,5400,1h 26m
Afraid,thriller,5.2,15000,1h 24m
Humane,thriller,5.5,7900,1h 33m
Undercover,thriller,7.1,5200,1h 58m
Bagheera,thriller,6.7,8100,2h 38m
Maranam,thriller,7.5,1000,N/A
Damaged,thriller,4.7,7900,1h 37m
Sector 36,thriller,7.1,26000,2h 3m
Inside,thriller,6.3,747,1h 44m
The Greatest of All Time,thriller,5.7,24000,3h 3m
Bedspacer,thriller,4.4,408,1h 30m
Restless,thriller,6.3,906,1h 29m
Dead Talents Society,thriller,7.0,2900,1h 51m
Rich Flu,thriller,5.0,6900,1h 56m
Drive Back,thriller,4.5,786,1h 34m
We Bury the Dead,thriller,6.3,157,1h 34m
Grafted,thriller,5.6,2900,1h 36m
Lake George,thriller,6.4,1700,1h 58m
The Intruder,thriller,4.6,602,1h 41m
Shell,thriller,6.7,86,1h 40m
The Contract,thriller,6.9,90,1h 45m
Escape,thriller,6.4,2400,1h 34m
The Mouse Trap,thriller,2.4,3800,1h 20m
Depravity,thriller,4.3,1300,1h 57m
One of Those Days When Hemme Dies,thriller,6.3,1100,1h 23m
V/H/S/Beyond,thriller,5.8,10000,1h 54m
She's Got No Name,thriller,5.5,363,1h 34m
Blood Star,thriller,6.3,6300,1h 37m
Hidden Face,thriller,6.1,751,1h 55m
The Inheritance,thriller,4.7,3200,1h 25m
Things Will Be Different,thriller,5.2,3000,1h 42m
No Way Up,thriller,4.6,11000,1h 30m
How to Make a Killing,thriller,6.5,1800,1h 49m
The Ruse,thriller,7.1,583,1h 45m
Simp,thriller,3.2,180,1h 40m
Pani,thriller,6.9,3500,2h 23m
Aftermath,thriller,5.2,4600,1h 37m
Thalavan,thriller,7.2,5800,2h 11m
Viduthalai Part 2,thriller,7.7,17000,2h 50m
Race for Glory: Audi vs. Lancia,thriller,5.8,5300,1h 49m
Chief of Station,thriller,4.7,5100,1h 37m
Singham Again,thriller,4.3,76000,2h 24m
Brief History of a Family,thriller,6.8,618,1h 40m
Somnium,thriller,8.4,73,1h 32m
A Desert,thriller,5.6,685,1h 43m
Code 8: Part II,thriller,5.7,16000,1h 40m
Gazer,thriller,5.6,358,1h 54m
Milk & Serial,thriller,6.6,2800,1h 2m
Breathe,thriller,4.3,7800,1h 33m
Bitter Gold,thriller,7.7,101,1h 23m
Badland Hunters,thriller,5.9,13000,1h 47m
Devil Is a Liar,thriller,N/A,N/A,1h 39m
The Front Room,thriller,4.6,6100,1h 34m
The Clean Up Crew,thriller,4.2,1400,1h 35m
Despatch,thriller,4.4,4800,2h 33m
Sikandar Ka Muqaddar,thriller,6.0,25000,2h 22m
The Roundup: Punishment,thriller,6.6,6000,1h 49m
A Mistake,thriller,5.7,1300,1h 41m
Sons,thriller,6.4,2600,1h 40m
Maldoror,thriller,6.6,1300,2h 35m
Sumala,thriller,5.8,1300,1h 52m
Classified,thriller,3.7,3000,1h 45m
Merry Christmas,thriller,6.9,30000,2h 24m
Zero,thriller,5.8,93,1h 28m
Prey,thriller,3.7,3700,1h 26m
5lbs of Pressure,thriller,5.3,1800,1h 51m
Devara Part 1,thriller,6.0,22000,2h 56m
Dead Money,thriller,5.8,802,1h 40m
Lioness,thriller,7.1,243,1h 44m
Parallel,thriller,5.3,2100,1h 28m
Elyas,thriller,6.1,1800,1h 45m
Believer,thriller,4.7,499,1h 48m
Motel Destino,thriller,6.5,2300,1h 55m
Winnie-the-Pooh: Blood and Honey 2,thriller,4.6,12000,1h 33m
The Hostage,thriller,4.3,20,1h 27m
Crescent City,thriller,3.9,1500,1h 43m
Death Whisperer 2,thriller,6.3,1600,1h 50m
Vanished Into the Night,thriller,5.2,4900,1h 32m
Hijack '93,thriller,3.8,1000,1h 27m
Harbin,thriller,6.2,1200,1h 48m
CTRL,thriller,6.2,6500,1h 39m
Yodha,thriller,5.7,9100,2h 10m
Raayan,thriller,6.5,13000,2h 25m
Compulsion,thriller,6.2,48,R
Bade Miyan Chote Miyan,thriller,3.8,40000,2h 43m
The Thundermans Return,thriller,5.0,2000,1h 10m
Why Do You?,thriller,5.4,493,1h 43m
Beezel,thriller,4.9,1700,1h 21m
1978,thriller,5.0,956,1h 20m
Bad Genius,thriller,6.2,2800,1h 36m
Detained,thriller,4.9,2000,1h 37m
The Wages of Fear,thriller,4.6,4300,1h 44m
House of Spoils,thriller,5.0,4100,1h 41m
Following,thriller,6.5,1500,1h 42m
The Painted,thriller,4.9,1300,1h 25m
Dead Sea,thriller,5.2,5600,1h 28m
Lazareth,thriller,4.4,1100,1h 26m
Jigra,thriller,6.0,24000,2h 33m
Here After,thriller,4.2,1900,1h 33m
Cult Killer,thriller,4.8,3100,1h 45m
To Die Alone,thriller,4.8,125,1h 24m
Maid Droid Origins,thriller,3.0,359,1h 36m
Moon,thriller,6.8,680,1h 32m
Wynonna Earp: Vengeance,thriller,5.6,1800,1h 36m
Darkest Miriam,thriller,5.7,407,1h 27m
Kali,thriller,5.2,434,1h 36m
"I, the Executioner",thriller,6.3,2200,1h 58m
Dancing Village: The Curse Begins,thriller,5.7,4300,2h 2m
Reawakening,thriller,6.2,447,1h 30m
Blackout,thriller,6.1,11000,2h 2m
Estela,thriller,5.5,54,1h 29m
In Flight,thriller,3.6,267,1h 30m
The Painter,thriller,4.7,2500,1h 40m
Colors of Evil: Red,thriller,6.4,8900,1h 51m
The Image of You,thriller,4.6,947,1h 30m
Zebra,thriller,7.1,3400,2h 44m
Karma,thriller,7.9,1500,2h 47m
Anweshippin Kandethum,thriller,7.4,11000,2h 22m
Cinderella's Revenge,thriller,3.8,1300,1h 25m
Baby John,thriller,5.0,18000,2h 39m
Bougainvillea,thriller,6.4,3500,2h 18m
A Stranger's Child,thriller,5.6,166,1h 28m
Blue Lock: Episode Nagi,thriller,6.6,2800,1h 31m
Weapon,thriller,5.6,6500,2h
Sayara,thriller,5.6,421,1h 38m
The Stepdaughter 2,thriller,7.3,81,TV-14
The Body,thriller,6.3,531,1h 56m
Nirangal Moondru,thriller,6.1,599,2h 2m
Cheat,thriller,4.1,228,1h 45m
Butas,thriller,4.7,194,1h 52m
Freedom,thriller,5.9,1500,1h 50m
Utopia,thriller,3.7,516,1h 31m
Continental Split,thriller,3.6,594,1h 28m
Unit 234,thriller,5.4,925,1h 26m
Blink,thriller,6.9,1600,2h 16m
11 Rebels,thriller,6.2,897,2h 35m
Steppenwolf,thriller,6.3,562,1h 42m
Phir Aayi Hasseen Dillruba,thriller,5.8,7100,2h 12m
Hold Your Breath,thriller,5.3,9200,1h 34m
Green Bones,thriller,7.0,570,1h 36m
The Last Front,thriller,5.5,668,1h 38m
The Sleeping Woman,thriller,5.3,618,1h 50m
Shoutai,thriller,6.8,793,2h
Spirit in the Blood,thriller,4.6,564,1h 38m
The Price of Money: A Largo Winch Adventure,thriller,5.1,1400,1h 40m
Roadkill,thriller,3.7,711,1h 30m
Konchitsya leto,thriller,6.8,489,1h 58m
Electra,thriller,4.2,143,1h 25m
Waves,thriller,7.8,2200,2h 11m
Yudhra,thriller,4.9,14000,2h 22m
Laws of Man,thriller,4.9,1400,1h 38m
The Correspondent,thriller,7.4,149,1h 59m
Altered Reality,thriller,6.1,1300,1h 38m
The Smile Man,thriller,7.2,2300,2h 2m
Sugar Baby,thriller,3.9,436,1h 28m
Eat the Night,thriller,6.1,644,1h 46m
Blame the Game,thriller,5.4,5500,1h 32m
The Good Teacher,thriller,6.6,2200,1h 31m
Snatched,thriller,5.9,540,1h 41m
The Last Breath,thriller,4.7,2800,1h 36m
Fit for Murder,thriller,5.8,147,1h 41m
Tyler Perry's Divorce in the Black,thriller,4.6,3700,2h 23m
Hisaab Barabar,thriller,5.8,2000,1h 52m
The American Backyard,thriller,6.1,297,1h 47m
Vedaa,thriller,6.0,4600,2h 25m
Pune Highway,thriller,4.9,945,2h 1m
Clear Cut,thriller,3.6,620,1h 28m
The Playroom,thriller,6.7,198,1h 40m
Boundless,thriller,5.6,2200,2h 1m
Lights Out,thriller,4.9,1900,1h 30m
Bloody Beggar,thriller,6.2,4800,2h 14m
The Stepdaughter,thriller,5.3,268,1h 45m
McVeigh,thriller,4.5,623,1h 30m
To a Land Unknown,thriller,7.3,814,1h 45m
Outside,thriller,5.1,5000,2h 22m
Cinderella's Curse,thriller,3.4,1400,1h 22m
Hellhound,thriller,4.3,567,1h 43m
The Only Ones,thriller,6.9,35,1h 17m
The Matriarch,thriller,8.1,211,1h 22m
Sunrise,thriller,3.9,1300,1h 33m
Die Before You Die,thriller,6.8,39,1h 44m
Out Come the Wolves,thriller,4.7,1900,1h 26m
Last Night on Earth,thriller,4.7,455,1h 26m
Last Night at Terrace Lanes,thriller,4.4,667,1h 15m
Eagle,thriller,5.9,5000,2h 39m
Der Deserteur,thriller,8.1,43,1h 33m
Rest in Peace,thriller,5.8,2400,1h 45m
We Work for the Dead,thriller,6.3,520,1h 24m
Waltz,thriller,9.4,8,N/A
The Calendar Killer,thriller,5.4,4600,1h 37m
Dominique,thriller,5.3,2500,1h 40m
72 Hours,thriller,4.1,352,1h 27m
Haunt Season,thriller,4.9,973,1h 21m
DarkGame,thriller,4.6,3000,1h 40m
Os Enforcados,thriller,7.2,138,2h 3m
Stolen,thriller,5.7,2300,1h 45m
Logout,thriller,7.2,1400,1h 48m
The Shameless,thriller,5.9,340,1h 54m
Operation Blood Hunt,thriller,3.4,550,1h 33m
The Train of Death,thriller,4.7,757,1h 43m
One More Shot,thriller,5.4,3900,1h 43m
Sir,thriller,7.8,2100,2h 12m
Against the Spread,thriller,8.7,37,1h 35m
Seeds,thriller,5.0,271,1h 22m
The Monster Beneath Us,thriller,5.1,512,1h 43m
Rippy,thriller,4.1,1100,1h 23m
Captain Miller,thriller,7.2,14000,2h 37m
Heart of the Hunter,thriller,4.7,2200,1h 45m
#AMFAD: All My Friends Are Dead,thriller,4.5,1300,1h 31m
Familia,thriller,6.9,479,2h
Serpent's Path,thriller,5.8,328,1h 52m
Nefarious,thriller,7.2,57,1h 25m
The Bad Shepherd,thriller,4.3,867,1h 31m
Ulajh,thriller,6.0,25000,2h 30m
Salawahan,thriller,4.4,498,1h 56m
Demonte Colony 2,thriller,6.5,4700,2h 24m
Le Mohican,thriller,6.7,343,1h 27m
The Judgement,thriller,7.6,107,2h 31m
Scorched Earth,thriller,6.6,729,1h 41m
Hunting Daze,thriller,5.4,627,1h 19m
Bionic,thriller,4.3,1800,1h 50m
Shadow Land,thriller,3.6,488,1h 29m
Tezgah,thriller,5.3,236,1h 40m
Held Hostage in My House,thriller,4.6,158,1h 30m
A Stranger by the Hill,thriller,3.9,62,1h 40m
Skeletons in the Closet,thriller,3.0,582,1h 32m
Three,thriller,6.3,199,1h 33m
The Devil's Disciples,thriller,7.8,54,1h 22m
Oshi no Ko: The Final Act,thriller,6.1,220,2h 9m
The Stoic,thriller,3.5,343,1h 36m
The Getaway,thriller,6.2,86,1h 26m
The Hunted,thriller,5.1,452,1h 34m
The Girl in the Pool,thriller,4.3,1700,1h 29m
Hunting Matthew Nichols,thriller,8.2,56,1h 36m
Unpredictable,thriller,5.4,435,1h 41m
The Past Comes Knocking,thriller,5.7,83,1h 21m
Who's Cheating Who?,thriller,7.1,104,1h 36m
Warning 2,thriller,7.1,909,2h 5m
Invasion,thriller,4.8,779,1h 31m
Athomugam,thriller,7.0,657,2h 10m
Osomoy,thriller,6.9,496,2h 41m
Kangaroo,thriller,6.2,193,2h 20m
The Diary,thriller,5.0,1100,1h 22m
Mirza: Part 1 - Joker,thriller,6.8,245,2h 45m
Legally Veer,thriller,6.5,5200,2h 22m
Reloaded 2,thriller,7.3,1300,45m
Mafia Wars,thriller,3.6,310,1h 38m
Angels Fallen: Warriors of Peace,thriller,4.8,6500,1h 43m
You Can't Run Forever,thriller,4.5,4500,1h 42m
Maharaj,thriller,6.5,15000,2h 11m
Operation: Raqqa,thriller,5.6,344,1h 47m
Atypical Pirate,thriller,N/A,N/A,N/A
Sikaar,thriller,8.2,696,2h 30m
El instinto,thriller,6.6,128,1h 32m
Jagat,thriller,8.1,73,2h 21m
Succubus,thriller,3.5,923,1h 36m
Article 370,thriller,7.8,25000,2h 38m
Kanguva,thriller,4.5,15000,2h 32m
Martin,thriller,2.2,36000,2h 27m
Arenas,thriller,5.8,68,1h 34m
Here Now,thriller,4.9,560,1h 58m
Darkness of Man,thriller,4.7,3300,1h 49m
Amongst the Wolves,thriller,5.2,389,1h 42m
He Ain't Heavy,thriller,6.0,396,1h 42m
Way Home,thriller,6.4,1700,1h 38m
Latency,thriller,4.2,3000,1h 34m
The Haunted Apartment: Miss K,thriller,5.6,555,1h 43m
The Sand Castle,thriller,4.7,1800,1h 38m
Fear,thriller,7.9,2900,1h 55m
Bogota: City of the Lost,thriller,5.4,2200,1h 48m
Barda,thriller,4.6,779,1h 39m
The Sabarmati Report,thriller,6.4,25000,2h 7m
Taboo: Family Secrets,thriller,6.8,781,1h 35m
Shark Warning,thriller,3.5,435,1h 34m
Savi,thriller,5.9,36000,2h 6m
Seven Cemeteries,thriller,4.6,680,1h 24m
We Are Wolves,thriller,3.4,286,1h 37m
Siren,thriller,6.4,3000,2h 34m
Case of Kondana,thriller,5.8,747,2h 23m
Bloodline Killer,thriller,4.3,5400,1h 45m
Thiru.Manickam,thriller,8.0,2600,2h 2m
Strictly Confidential,thriller,2.8,896,1h 34m
Vina: Before 7 Days,thriller,5.4,680,1h 40m
Kryptic,thriller,4.0,689,1h 42m
Matka,thriller,4.7,618,2h 36m
Black Cab,thriller,4.1,1900,1h 28m
1 Million Followers,thriller,4.5,894,1h 41m
Indian 2,thriller,3.8,17000,N/A
Love Me Dead,thriller,6.6,45,1h 27m
Love Bomb,thriller,3.0,286,1h 15m
Bangkok Dog,thriller,4.7,280,1h 29m
Saindhav,thriller,5.0,1700,2h 18m
Sheriff,thriller,6.9,1200,2h 13m
Footage,thriller,4.8,2500,2h 4m
Uninvited,thriller,5.6,382,1h 33m
Quotation Gang Part 1,thriller,8.8,32,1h 58m
S.T.A.L.K.E.R.: Shadow of the Zone,thriller,4.8,686,1h 11m
Room 0,thriller,3.1,222,1h 42m
Hijack 1971,thriller,6.8,3600,1h 40m
Bosco,thriller,5.5,4000,1h 39m
Operation Valentine,thriller,5.3,1800,2h 13m
I Am Kathalan,thriller,6.7,1400,1h 55m
Joe Baby,thriller,4.4,123,1h 26m
Peter Five Eight,thriller,3.5,1100,1h 40m
Wanted Man,thriller,4.8,2700,1h 25m
Air Force One Down,thriller,4.4,3000,1h 24m
Murder at Hollow Creek,thriller,4.0,105,N/A
KA,thriller,7.0,1700,2h 31m
Sorgavaasal,thriller,6.6,1500,2h 18m
Cold Wallet,thriller,5.1,727,1h 33m
American Star,thriller,5.5,2600,1h 47m
Don't Mess with Grandma,thriller,5.5,322,1h 21m
Abraham Ozler,thriller,6.6,4700,2h 23m
Stranger in the Woods,thriller,3.5,1400,1h 22m
Mom,thriller,5.2,242,1h 35m
The Paradise of Thorns,thriller,7.6,1500,2h 11m
Nahir,thriller,4.7,1200,2h 2m
Never Have I Ever,thriller,6.0,26,1h 37m
Escape,thriller,5.7,1200,2h 9m
Strangers,thriller,4.3,427,1h 46m
Pacific Fear,thriller,3.6,348,1h 25m
Daft State,thriller,5.8,59,18+
Guilty Pleasure,thriller,4.7,184,1h 59m
The Plot,thriller,4.8,453,1h 40m
Somebody,thriller,6.5,111,1h 52m
Paranoia,thriller,4.1,418,1h 35m
Poison Sangga: The Homewrecker's Curse,thriller,6.7,416,1h 58m
The Hangman,thriller,3.3,1100,1h 32m
Bystanders,thriller,4.0,449,1h 22m
Gumasthan,thriller,5.9,572,2h 25m
The Kingdom,thriller,7.0,163,2h 13m
Run Baby Run,thriller,4.5,46,1h 38m
Sakaratul Maut,thriller,5.4,197,1h 47m
The Neighbor,thriller,5.0,78,52m
Ferry 2,thriller,5.6,4000,1h 34m
Crakk: Jeetega... Toh Jiyegaa,thriller,4.7,6500,2h 34m
Curse of the Seven Oceans,thriller,5.6,562,1h 34m
Adopted,thriller,4.2,272,1h 23m
Goldilocks and the Three Bears: Death and Porridge,thriller,2.2,2200,1h 22m
A Strange House,thriller,5.2,417,1h 50m
Baki Hanma VS Kengan Ashura,thriller,5.7,2100,1h 2m
The Silent Planet,thriller,4.8,321,1h 35m
Belle,thriller,5.5,204,1h 40m
Una storia nera,thriller,5.8,171,1h 40m
September Babies,thriller,4.9,340,1h 34m
Tariq,thriller,6.2,18,2h 2m
Witch,thriller,4.8,1400,1h 47m
Darah Nyai,thriller,7.0,8,1h 30m
Mr. Bachchan,thriller,3.6,5300,2h 30m
Three Kilometres to the End of the World,thriller,7.1,1300,1h 45m
Conquer: Lahad Datu,thriller,6.6,580,2h
Sons of Rizk 3,thriller,6.6,1900,2h 5m
She Came Back,thriller,5.3,105,1h 23m
Double Ismart,thriller,2.9,2200,2h 36m
Unspeakable: Beyond the Wall of Sleep,thriller,3.9,151,1h 30m
Hard Home,thriller,4.1,777,1h 27m
Sorop,thriller,5.5,277,1h 43m
Bhaje Vaayu Vegam,thriller,6.1,783,2h 16m
BhamaKalapam 2,thriller,5.8,280,2h 8m
Previously Saved Version,thriller,5.5,490,1h 57m
Stranger Eyes,thriller,6.3,454,2h 5m
Disciples in the Moonlight,thriller,3.8,724,2h 6m
Ghost Trail,thriller,6.6,1000,1h 46m
Haunted Heart,thriller,4.8,573,2h 8m
Hunt,thriller,3.8,163,2h
Flesh of the Unforgiven,thriller,7.5,69,1h 28m
Rogue Elements: A Ryan Drake Story,thriller,4.1,1100,44m
Sins of the Bride,thriller,6.0,126,1h 29m
Ruslaan,thriller,3.3,1300,2h
Cellphone,thriller,3.0,766,1h 28m
Freelance,thriller,4.8,403,1h 50m
Mission: Chapter 1,thriller,5.9,1700,2h 24m
Ghost Game,thriller,3.5,405,1h 26m
Steal Her Breath,thriller,5.5,117,1h 50m
Visfot,thriller,5.7,1200,2h 10m
Decoded,thriller,5.7,485,2h 36m
DNA,thriller,5.4,230,2h 36m
Final Heist,thriller,4.2,166,1h 23m
Balestra,thriller,5.1,555,2h 25m
Chapel,thriller,3.3,206,1h 32m
Arena Wars,thriller,5.5,3300,1h 36m
All the Lost Ones,thriller,3.7,285,1h 46m
Junction,thriller,5.2,330,1h 38m
The Ugly,thriller,N/A,N/A,1h 42m
EVOL: A Love Story in Reverse,thriller,5.5,2400,2h 2m
Beyond the Rush,thriller,8.5,1100,1h 50m
Pins & Needles,thriller,5.7,82,1h 35m
Ballot,thriller,6.2,371,1h 42m
Indera,thriller,5.8,20,1h 44m
A Fisherman's Tale,thriller,5.8,188,1h 43m
Satyabhama,thriller,5.8,1600,2h 12m
Out of Control,thriller,5.7,197,1h 51m
Salve Maria,thriller,6.4,554,1h 51m
Borderless Fog,thriller,5.2,1400,1h 50m
12 to Midnight,thriller,3.7,311,1h 36m
Silence 2: The Night Owl Bar Shootout,thriller,6.2,1900,2h 22m
Faultline,thriller,4.7,152,1h 32m
They Whisper,thriller,4.1,113,1h 30m
Campton Manor,thriller,3.4,268,1h 23m
Temurun,thriller,4.6,368,1h 26m
The Strange Dark,thriller,8.8,54,1h 24m
Dilemma,thriller,5.6,596,1h 24m
The Death That Awaits,thriller,5.4,1200,1h 42m
Playtime,thriller,5.1,52,1h 41m
Broken Innocence,thriller,5.0,365,1h 48m
Black Eyed Susan,thriller,5.0,389,1h 25m
Bad Fish,thriller,3.4,361,1h 24m
Sentinelese,thriller,N/A,N/A,1h 30m
Miki,thriller,6.6,1100,1h 46m
Earthquake Underground,thriller,3.2,239,1h 23m
Brahmavaram PS Paridilo,thriller,8.6,2700,1h 44m
Model House,thriller,4.0,1100,1h 25m
Trapped Inn,thriller,2.7,962,1h 55m
Thirst Trap,thriller,6.6,83,1h 11m
FanGirl,thriller,4.0,45,1h 20m
Non Negotiable,thriller,5.4,1300,1h 27m
Mandara,thriller,7.9,85,2h 12m
Suckers,thriller,2.3,134,1h 7m
Revival,thriller,5.3,38,N/A
Twin Lies,thriller,5.5,109,1h 36m
Mia,thriller,8.7,301,1h 21m
9 Windows,thriller,3.6,334,1h 22m
Cadi,thriller,6.3,4400,2h 14m
La coda del diavolo,thriller,5.4,496,1h 35m
4N6,thriller,3.4,1100,1h 57m
Wake,thriller,3.5,295,1h 25m
Séance Games: Metaxu,thriller,3.7,398,1h 26m
Natatorium,thriller,5.3,147,1h 45m
Phantoms,thriller,3.6,17,N/A
Sucha Soorma,thriller,6.4,964,2h 16m
Bangkok Breaking: Heaven and Hell,thriller,5.8,711,2h 26m
Granny,thriller,7.3,9,40m
13th Summer,thriller,4.4,217,1h 36m
Nudus,thriller,6.4,54,1h 34m
La Patasola,thriller,2.7,122,1h 21m
Kuyang,thriller,5.2,520,1h 37m
Mother Father Sister Brother Frank,thriller,5.7,329,1h 25m
The Long Game,thriller,6.7,77,1h 28m
Barroz: Guardian of Treasures,thriller,3.4,1100,2h 35m
The Secrets We Keep,thriller,6.8,12,1h 30m
The Wolf,thriller,3.7,43,1h 27m
Transplant,thriller,8.2,29,1h 33m
Grassland,thriller,8.1,70,1h 28m
Charlotte,thriller,6.1,168,1h 26m
From Embers,thriller,5.8,879,1h 39m
Sattam En Kaiyil,thriller,7.9,2300,2h 4m
Killer Babes,thriller,3.5,313,1h 34m
Hunting with Tigers,thriller,5.6,587,1h 49m
She's Obsessed with My Husband,thriller,4.9,264,1h 28m
Gaami,thriller,6.3,2100,2h 27m
Are You There?,thriller,6.2,83,1h 28m
Karma's a Bitch,thriller,4.7,50,1h 29m
Kurukku,thriller,6.3,543,1h 49m
Last Known Location,thriller,5.9,1400,1h 50m
The Ritual,thriller,3.5,34,1h 40m
A Widow Seduced,thriller,5.0,193,1h 22m
The Partisan,thriller,8.3,10,1h 48m
Pottel,thriller,8.0,2800,2h 28m
The Omicron Killer,thriller,2.8,603,1h 38m
Hello Neighbor,thriller,7.9,17,N/A
Shakhahaari,thriller,7.5,1400,2h 25m
Iconic,thriller,4.9,471,1h 30m
The Manifestation,thriller,3.6,206,1h 24m
Lethally Blonde,thriller,4.3,69,1h 31m
Demise,thriller,4.1,337,2h 15m
Fanatic,thriller,4.9,22,1h 30m
Viswam,thriller,4.2,661,2h 35m
You Will Die in 6 Hours,thriller,5.0,347,1h 31m
The Reunion,thriller,N/A,N/A,1h 30m
The Miranda Brothers,thriller,4.4,194,1h 39m
Perfect Blue,thriller,7.0,11,N/A
Jamalinte Punjiri,thriller,8.7,172,2h 18m
The Weekend,thriller,6.3,74,1h 57m
Cora,thriller,4.5,965,1h 44m
From Darkness,thriller,4.9,613,1h 35m
Stepmom from Hell,thriller,4.7,161,1h 28m
Guna guna istri muda,thriller,5.2,214,1h 38m
Beacon,thriller,5.8,485,1h 36m
Spring Garden,thriller,4.5,224,1h 30m
Tòkunbò,thriller,3.9,309,1h 53m
10 Days of a Curious Man,thriller,5.7,1400,1h 50m
Body Language,thriller,7.0,15,N/A
Peg O' My Heart,thriller,6.2,177,1h 37m
Aiden,thriller,2.1,141,1h 14m
Wineville,thriller,4.3,311,1h 40m
Exit,thriller,8.7,58,1h 47m
Kotee,thriller,6.3,357,2h 30m
Night Shoot,thriller,5.5,108,1h 38m
Whispers in the Walls,thriller,5.6,57,N/A
Pinnil Oral,thriller,7.8,583,2h 7m
Krzyk: Losing Control,thriller,5.4,22,1h 20m
Isolation,thriller,6.6,557,1h 22m
Interstate,thriller,3.8,224,1h 24m
Dangerous Affair,thriller,4.7,48,1h 32m
Killer Influence,thriller,2.6,334,1h 24m
The Windigo,thriller,4.6,730,1h 25m
Echo 8,thriller,5.9,1400,1h 35m
Hombres Íntegros,thriller,7.1,52,1h 29m
Fresh,thriller,6.9,77,1h 38m
History of Evil,thriller,3.4,838,1h 38m
What Happened to Suzy,thriller,6.3,97,1h 34m
Jardim dos Girassóis,thriller,5.5,21,1h 33m
Possession: Kerasukan,thriller,3.5,317,1h 34m
It All Ends Here,thriller,6.3,390,1h 29m
Tenant,thriller,4.4,2200,1h 36m
Crossword,thriller,6.9,21,1h 36m
You Shall Not Sleep Tonight,thriller,4.0,411,1h 17m
Scream Before You Die,thriller,3.0,18,N/A
The Lady of the Lake,thriller,2.5,197,1h 27m
Frankenstein: Legacy,thriller,3.7,214,1h 41m
The Creep,thriller,6.4,48,2h 9m
Above the Knee,thriller,6.3,75,1h 16m
The Burden of Nine Lives,thriller,5.2,120,1h 56m
Tell No Lies,thriller,5.0,252,1h 44m
Deadly Justice,thriller,4.1,147,N/A
Cherry Bomb,thriller,2.8,86,1h 37m
Once Upon a Time in Hollyweird,thriller,2.0,160,1h 30m
Unexposed,thriller,7.9,78,1h 3m
Kill Victoria,thriller,5.9,34,1h 30m
The Assistant 2,thriller,6.2,34,1h 44m
Do Not Open,thriller,2.6,295,1h 31m
Hitler,thriller,5.2,324,2h 8m
Amp House Massacre,thriller,3.8,206,1h 20m
Haze,thriller,6.4,56,1h 16m
Self Driver,thriller,7.1,83,1h 30m
From the Ashes,thriller,5.1,1200,1h 30m
Customs Frontline,thriller,5.5,560,1h 55m
The Vigil,thriller,7.4,6,1h 37m
Traumnovelle,thriller,6.3,255,1h 49m
The Disinvited,thriller,8.6,48,N/A
Soul Reaper,thriller,5.7,343,1h 52m
Dagr,thriller,4.1,2800,1h 17m
Texas Cult House,thriller,7.8,26,N/A
Psychopomp,thriller,9.0,6,1h 36m
The Stalking,thriller,3.8,56,1h 12m
The Redemption of Sin,thriller,5.6,256,1h 56m
Till Death Do Us Part,thriller,6.1,190,1h 30m
White Rose,thriller,4.3,474,1h 57m
Pusaka,thriller,5.2,212,1h 30m
Shark Girl,thriller,2.7,200,1h 22m
Rebirth Island,thriller,7.5,58,1h 43m
THEDÆMON,thriller,6.7,46,1h 27m
Gold Boy,thriller,6.4,160,2h 9m
The Goat,thriller,5.7,391,1h 31m
War Game,thriller,5.5,650,1h 34m
Bhoothaddam Bhaskar Narayana,thriller,6.2,296,2h 21m
Perewangan,thriller,5.4,192,1h 49m
Corrosive,thriller,7.0,25,1h 32m
Becky,thriller,4.2,180,N/A
Burning Butterflies,thriller,7.6,101,1h 43m
Art of Diversion,thriller,4.0,27,1h 28m
"Blood, Beach, Betrayal",thriller,6.0,90,1h 32m
Day Labor,thriller,6.2,102,1h 28m
Black Heat,thriller,8.0,151,1h 33m
Marni: The Story of Wewe Gombel,thriller,6.7,1000,1h 59m
Six jours,thriller,5.7,306,1h 35m
Cry of Silence,thriller,5.9,85,1h 56m
The Killers,thriller,6.1,81,1h 59m
Sagrada luna,thriller,N/A,N/A,1h 35m
4PM,thriller,5.6,231,1h 51m
The Captives,thriller,3.6,76,1h 13m
Pa Tako Lep Dan Je Bil,thriller,6.0,114,1h 30m
Hell Is Other People,thriller,6.0,33,2h 3m
Aarambham,thriller,6.7,492,2h 14m
Neo-Dome,thriller,5.7,25,15m
Locust,thriller,6.4,119,2h 8m
They Turned Us Into Killers,thriller,2.7,273,1h 26m
Run!,thriller,3.4,107,1h 26m
Go Away,thriller,4.2,233,N/A
Ballistic,thriller,2.3,172,1h 35m
Rakshana,thriller,5.5,1200,2h 19m
Red,thriller,4.3,143,1h 54m
ClearMind,thriller,4.1,2200,1h 25m
Midas,thriller,4.6,357,1h 25m
Trinil,thriller,4.5,388,1h 45m
Sabari,thriller,6.4,5400,2h 9m
Curse of the Sin Eater,thriller,4.9,837,1h 30m
Mean Streets,thriller,8.0,15,N/A
Malaikottai Vaaliban,thriller,6.0,4200,2h 36m
The Experts,thriller,6.2,322,2h 1m
ElemenTory,thriller,4.5,262,1h 50m
Ooru Peru Bhairavakona,thriller,5.7,1800,2h 13m
Puntos suspensivos,thriller,6.1,510,1h 30m
Firecracker,thriller,4.6,1000,1h 47m
Remnant,thriller,2.6,339,1h 52m
"Aire, Just Breathe",thriller,4.7,215,1h 38m
The Devil's Trap,thriller,7.1,13,1h 30m
Three,thriller,4.6,40,2h 10m
Üç Harfliler: Nazar,thriller,4.8,206,1h 34m
Uno,thriller,8.5,34,N/A
Waterdrop,thriller,7.0,61,1h 30m
Una ballena,thriller,5.5,219,1h 48m
The Senator,thriller,5.8,87,1h 26m
The Cursed Land,thriller,5.5,314,2h 8m
My Nanny Stole My Life,thriller,5.4,146,1h 27m
Where Is Gilgamesh?,thriller,8.9,640,1h 30m
Matters of the Heart,thriller,6.8,329,1h 50m
Black Spines,thriller,6.9,25,1h 40m
Dosen Ghaib: It's Nighttime or You Already Know,thriller,4.1,327,1h 34m
Keep Breathing,thriller,3.9,16,1h 52m
I Don't Know,thriller,N/A,N/A,1h 38m
Foreclosure 2,thriller,3.2,150,1h 17m
The Deceitful Wife,thriller,5.8,26,1h 31m
Deadly Invitations,thriller,4.1,188,1h 29m
Art of Eight Limbs,thriller,3.9,338,1h 41m
The Prodigy,thriller,4.6,39,1h 23m
Mahadev Ka Gorakhpur,thriller,7.2,414,2h 11m
Khameleon,thriller,4.4,9,1h 29m
A Killer in the House,thriller,2.6,164,1h 30m
In Our Blood,thriller,6.8,52,1h 29m
Karnika,thriller,4.2,9,2h 17m
Shark Island,thriller,3.1,147,1h 21m
The Shadow,thriller,6.4,291,1h 30m
Identity,thriller,7.7,6,1h 24m
Pasar Setan,thriller,6.7,64,1h 36m
The School Duel,thriller,8.3,97,1h 30m
Drive,thriller,5.6,390,1h 30m
Till Death Do Us Part,thriller,6.3,287,1h 48m
Bottle Girl,thriller,N/A,N/A,N/A
Big Rage,thriller,3.5,183,1h 55m
Checkmate,thriller,4.3,405,1h 44m
Locha Laapsi,thriller,7.2,379,1h 51m
Realm of Shadows,thriller,7.1,169,1h 25m
Spark,thriller,5.2,67,1h 29m
Lost Angels,thriller,5.9,217,1h 36m
Dismissed,thriller,5.9,135,1h 31m
Serial Beauty,thriller,5.0,41,1h 30m
The Memory in My Heart,thriller,7.9,60,1h 44m
Agathokakological,thriller,4.9,149,1h 54m
Kidnapping Inc.,thriller,5.9,332,1h 47m
Dandupalayam,thriller,6.1,1800,2h 17m
Wild Animal,thriller,8.4,14,19m
I Left My Heart in Colombia,thriller,7.3,459,N/A
Passport,thriller,8.5,15,N/A
The Actor,thriller,3.4,740,2h 8m
Ibiza Dark,thriller,7.1,22,1h 35m
Game On,thriller,5.0,2300,2h 20m
SinÉl,thriller,5.1,32,1h 12m
Road to Terzetto,thriller,7.5,78,1h 36m
Feet of Death,thriller,3.9,248,1h 46m
Dark Feathers: Dance of the Geisha,thriller,6.0,1100,1h 33m
Top Floor,thriller,5.5,83,1h 14m
The Epidemic,thriller,5.9,72,1h 35m
My Husband Hired a Hitman,thriller,4.6,96,1h 32m
Anchakkallakokkan,thriller,6.6,1000,2h 6m
Rock the Boat 2,thriller,5.2,60,N/A
Prasanna Vadanam,thriller,6.6,581,2h 26m
Protocol-7,thriller,5.1,269,1h 38m
Holnap meghalok,thriller,4.2,147,1h 25m
Sihina Nelum Mal,thriller,7.9,39,1h 45m
Yesterday Is Almost Here,thriller,8.1,11,1h 32m
Touchdown,thriller,6.3,15,1h 18m
The Match,thriller,6.3,89,N/A
Kuang Bao Ju Xi,thriller,5.6,99,1h 15m
"Hemet, or the Landlady Don't Drink Tea",thriller,4.3,103,1h 29m
The Girl Who Wore Yellow Lace,thriller,5.2,39,1h 22m
Push,thriller,4.6,11,N/A
Deadly Ruphoria,thriller,5.9,39,1h 30m
Dard,thriller,6.6,2100,2h 36m
Haiwan,thriller,N/A,N/A,N/A
30 to 45,thriller,3.5,21,1h 58m
Surviving Lake Lanier,thriller,4.8,116,1h 30m
Spithood,thriller,5.4,1200,58m
Hunters on a White Field,thriller,4.9,473,1h 40m
Checkmate,thriller,6.2,311,2h 5m
Justicia artificial,thriller,5.6,547,1h 38m
The Mousetrap,thriller,7.1,29,1h 27m
Dying for Fame,thriller,5.3,161,1h 29m
Twelve,thriller,6.7,19,N/A
Gull Lake Vice II: The Delusion Continues,thriller,8.1,18,58m
Visceral,thriller,7.0,13,N/A
Dead Man,thriller,5.1,220,1h 49m
Sugar Mami,thriller,7.7,77,1h
Appudo Ippudo Eppudo,thriller,4.7,245,2h
Kupu-Kupu Kertas,thriller,6.5,233,1h 53m
Global Harmony,thriller,6.6,98,1h 35m
Camp Blood: Clown Shark,thriller,3.7,105,1h 10m
Deadbolt,thriller,4.6,338,1h 23m
The Womb,thriller,9.3,7,1h 39m
Within the Pines,thriller,6.4,23,1h 13m
The Reflected Self,thriller,6.5,54,1h 41m
Murder and Cocktails,thriller,3.9,374,1h 28m
Marigold,thriller,8.4,73,2h 7m
The Wingwalker,thriller,7.0,183,1h 57m
Nadanna Sambhavam,thriller,5.9,1800,2h
The Carters,thriller,5.2,29,1h 15m
The Girl in the Trunk,thriller,3.4,355,1h 30m
Catch a Killer,thriller,6.0,17,1h 22m
Ranam Aram Thavarel,thriller,5.9,820,2h 1m
The Marriage Pass,thriller,6.1,132,1h 30m
El Ascenso,thriller,5.7,37,N/A
Dead Whisper,thriller,3.8,571,1h 28m
Jurnal Risa by Risa Saraswati,thriller,4.4,330,1h 32m
In the Name of Blood,thriller,6.1,192,1h 48m
Samandar,thriller,7.7,142,2h 52m
Drone,thriller,5.4,245,1h 50m
The Shelter,thriller,4.1,37,N/A
It's a Good Day to Die,thriller,4.8,75,1h 27m
Tenant,thriller,3.7,214,1h 39m
Sheeps Clothing,thriller,6.2,42,1h 26m
Bury Him,thriller,6.7,20,1h 28m
2B Honest,thriller,4.1,116,2h 5m
The Notorious Finster,thriller,3.9,187,1h 53m
The Day Everything Changed,thriller,8.1,80,1h 37m
"Silent Night, Bloody Night 3: Descent",thriller,3.2,213,1h 40m
Morena,thriller,5.3,132,1h 46m
Guys at Parties Like It,thriller,3.9,179,1h 19m
Weekend,thriller,3.6,9,N/A
Deadly Fiancée,thriller,3.6,105,1h 37m
Shadow Protocol,thriller,N/A,N/A,N/A
The Book of the Witch,thriller,4.3,164,1h 13m
Final Girl: Halloween,thriller,3.8,116,1h 25m
CID Ramachandran Retd SI,thriller,6.9,601,2h 8m
The Seductress from Hell,thriller,6.1,25,1h 42m
Avaidh,thriller,9.5,26,N/A
Kali,thriller,7.8,426,1h 31m
The Birthday Boy,thriller,8.0,3100,1h 58m
Warrior Awang and Master Tok Gajah,thriller,4.6,488,1h 58m
Obraz,thriller,7.4,32,1h 35m
Dedalus,thriller,7.7,55,1h 32m
Mong Vuot,thriller,4.9,184,1h 36m
Séance,thriller,8.2,29,1h 25m
Silvio,thriller,3.1,560,1h 54m
Agapouse ta louloudia perissotero,thriller,5.3,193,1h 26m
Death Down the Aisle,thriller,5.2,158,1h 30m
In My Sleep: The Director's Cut,thriller,N/A,N/A,N/A
The Box,thriller,3.3,86,1h 19m
The Star City Murders,thriller,4.1,156,1h 19m
La Familia,thriller,6.9,55,N/A
Buzzheart,thriller,6.2,131,1h 50m
The Can,thriller,8.6,28,1h 33m
Smoke Signals,thriller,6.4,397,1h 35m
Delivery Run,thriller,6.2,21,R
Robbin,thriller,5.5,193,1h 58m
Delirio,thriller,5.7,18,1h 14m
Watch Us Kill,thriller,5.6,66,N/A
Forgive Me Father,thriller,3.5,125,1h 17m
Kiss of the Con Queen,thriller,7.3,31,1h 57m
The Sisters,thriller,4.8,170,2h 2m
Deliveries from Eva,thriller,5.2,27,N/A
Valari,thriller,7.9,2600,2h 15m
Citadel,thriller,5.8,9,1h 22m
In the Name of God,thriller,5.1,165,1h 29m
Star Abyss,thriller,3.8,286,1h 26m
"Rajagunj: Pooja, Sir",thriller,6.4,831,1h 55m
The Spirit Hunter,thriller,4.2,36,1h 42m
Kaljiga,thriller,8.4,44,1h 54m
Dance with the Devil,thriller,6.7,46,N/A
Dante's Inferno,thriller,N/A,N/A,N/A
Dickweed,thriller,6.9,47,1h 30m
Under the Influencer,thriller,5.3,75,1h 43m
Chateau,thriller,4.1,309,1h 23m
Crosspoint,thriller,6.5,63,1h 40m
Vasco Da Gama,thriller,4.7,2900,2h 5m
The Undertaker's Wife,thriller,7.6,18,N/A
Hundswut,thriller,5.9,102,2h 4m
The Restoration,thriller,5.6,49,1h 18m
Overtime Frightened,thriller,N/A,N/A,N/A
IRaH,thriller,6.6,313,2h 20m
Park,thriller,6.9,381,1h 57m
Transient,thriller,6.6,455,1h 36m
The Very Last Christmas,thriller,8.6,12,1h 15m
Ga la,thriller,4.2,29,1h 37m
Woman with the Red Lipstick,thriller,5.4,201,1h 27m
El Tiburón,thriller,8.6,10,1h 33m
Cold Blows the Wind,thriller,5.7,810,1h 25m
Martin liest den Koran,thriller,8.0,218,1h 46m
Maven,thriller,9.4,69,2h 8m
The Sintern,thriller,4.7,158,1h 38m
The Seeds,thriller,4.9,96,1h 53m
The Camp Host,thriller,4.3,305,1h 35m
Apokrif,thriller,8.7,23,1h 4m
This Never Happened,thriller,4.7,392,1h 30m
Nico,thriller,8.2,51,1h 49m
The Path of Totality,thriller,5.0,53,1h 23m
Tummy Monster,thriller,8.0,59,1h 28m
Beware the Boogeyman,thriller,4.7,613,1h 50m
Pizza Boy Rick,thriller,4.2,1200,1h 21m
Pattaya Heat,thriller,5.7,230,1h 57m
Nina,thriller,5.7,409,1h 45m
The Akaali,thriller,5.0,123,2h 25m
A Nanny's Revenge,thriller,4.0,177,1h 30m
Dog,thriller,6.9,70,1h 45m
Scammy Boys,thriller,4.3,57,1h 44m
Filthy Animals,thriller,5.3,119,1h 36m
Crocodile Tears,thriller,6.8,124,1h 38m
Watch Them Come Blood,thriller,7.7,8,1h 22m
Obayifo Project,thriller,5.1,374,1h 11m
What Happens in Miami,thriller,4.3,225,1h 30m
One Night Stay,thriller,6.9,114,N/A
Swing Bout,thriller,8.5,194,1h 30m
Vijay LLB: The Advocate,thriller,6.7,38,2h 5m
Manipula,thriller,8.5,35,1h 34m
A Knife in the Dark,thriller,3.2,91,1h 16m
Hubba,thriller,5.9,1100,2h 15m
The Trophy Bride,thriller,5.8,64,1h 52m
Boksi Ko Ghar,thriller,7.7,966,1h 56m
The Women in the Lakes,thriller,4.9,34,2h 21m
Water Horse,thriller,5.1,264,1h 25m
O2,thriller,6.6,8300,1h 45m
Sweet Simona,thriller,5.3,171,1h 28m
Project Dorothy,thriller,3.9,3200,1h 20m
Negligence,thriller,6.7,32,N/A
Bato: Road to Death,thriller,5.4,777,2h 17m
Tenement,thriller,4.6,134,1h 28m
Birthmark,thriller,4.4,192,1h 57m
Tobias and the Arcane Merchant,thriller,8.9,50,2h 47m
Tragic,thriller,9.0,21,1h 36m
Through the Door,thriller,3.7,97,1h 10m
Married to a Balla,thriller,6.6,104,1h 44m
Dr. Jason II: Lights & Shadows,thriller,4.9,384,1h 2m
Fentasy,thriller,5.0,133,1h 25m
The Company Called Glitch That Nobody and Everybody Wanted,thriller,3.1,201,1h 47m
As Neves,thriller,5.2,205,1h 23m
Remote,thriller,7.8,32,1h 13m
Wannabe,thriller,4.4,142,1h 42m
Heather,thriller,5.1,20,1h 13m
The People Before,thriller,8.2,19,1h 27m
Silk Saree,thriller,8.2,1500,2h
10FT Down,thriller,6.4,26,1h 38m
Charlie Tango,thriller,4.3,120,1h 38m
Thrayam,thriller,4.3,88,1h 54m
Partners,thriller,4.8,130,1h 50m
Snow Valley,thriller,2.8,354,1h 15m
Midnight Taxi,thriller,5.2,119,1h 37m
Swoon,thriller,6.6,32,1h 23m
In Tenebras: Into the Darkness,thriller,2.6,183,1h 30m
37 : L'ombre et la proie,thriller,5.7,183,1h 33m
Scopophobia,thriller,5.3,92,1h 40m
The Legend of the Vagabond Queen of Lagos,thriller,7.8,50,1h 40m
Avatar Purusha 2,thriller,4.7,153,2h 4m
Tacoma,thriller,3.4,191,1h 43m
The Devil and Red Wine,thriller,6.0,31,1h 41m
The Moon Thieves,thriller,6.0,302,1h 48m
Joshua: Imai Pol Kaka,thriller,4.5,590,2h 10m
Dying to Be Famous,thriller,4.4,145,1h 25m
Bangsal Isolasi,thriller,4.8,183,1h 16m
The Temp,thriller,6.0,51,N/A
Burning,thriller,7.7,16,1h 41m
Eddie.,thriller,5.3,91,1h 44m
The Alien Report,thriller,4.6,157,1h 21m
Ten Toes Down,thriller,7.4,41,N/A
Lampir,thriller,5.5,267,1h 37m
Mama Bear,thriller,5.5,20,N/A
Dheera,thriller,7.9,1300,2h 3m
105 Minutes,thriller,3.4,2300,2h
Bloodline,thriller,9.2,51,1h 20m
Johatsu,thriller,5.1,43,1h 23m
Lola Dust,thriller,N/A,N/A,1h 31m
Buying Time,thriller,6.3,510,1h 24m
A Savior Red,thriller,4.9,274,1h 27m
Hindsight 2020,thriller,7.5,27,1h 49m
Who's Watching Us,thriller,3.9,51,1h 21m
Shahkot,thriller,7.9,69,1h 55m
Make a Wish,thriller,4.2,34,2h 53m
Todos Somos Justos,thriller,8.1,22,1h 19m
Karl Denke,thriller,5.5,98,1h 42m
Trolled,thriller,4.2,28,1h 20m
House on Rockingham,thriller,3.6,139,1h 18m
The Night of the Harvest,thriller,4.5,503,2h 6m
Algiers,thriller,7.7,73,1h 33m
Mi bestia,thriller,5.6,91,1h 16m
No Such Person,thriller,6.5,23,1h 21m
The Accused,thriller,N/A,N/A,47m
Kartam Bhugtam,thriller,6.4,209,2h 11m
Raavsaheb,thriller,8.1,12,2h 18m
Naa Ninna Bidalaare,thriller,7.2,2000,2h 22m
Election,thriller,5.8,811,2h
The Caller,thriller,6.8,14,1h 20m
The Jester from Transylvania,thriller,5.1,39,1h 42m
Janji Darah,thriller,4.4,179,1h 44m
Don't Look Back... I Know Your Origins,thriller,3.7,116,1h 44m
Pandora,thriller,3.8,24,N/A
My Home Hero the Movie,thriller,6.9,15,1h 57m
Glory Hole,thriller,6.5,34,1h 35m
Trucker,thriller,N/A,N/A,N/A
The One That Got Away,thriller,5.9,11,56m
Fraternity,thriller,5.1,93,1h 34m
Purgatory Station,thriller,3.4,64,1h 49m
Dangerous Seduction,thriller,6.8,13,N/A
Amityville Bigfoot,thriller,3.0,158,1h 28m
Dark My Light,thriller,6.3,15,N/A
Angela's Shadow,thriller,8.6,9,1h 30m
Mannequin,thriller,6.5,119,N/A
Edge of Summer,thriller,7.2,45,1h 30m
Sway,thriller,8.1,21,1h 39m
31st Movie,thriller,9.6,19,2h 25m
Turkish Tharkkam,thriller,8.2,562,1h 48m
A Good Man 2,thriller,6.4,60,N/A
Mister Gates,thriller,8.6,32,N/A
Homeboy,thriller,6.5,23,N/A
Swargam,thriller,4.7,314,1h 48m
Ame no naka no yokujô,thriller,5.8,92,2h 12m
Psycho Ex,thriller,4.3,448,1h 20m
The Promise,thriller,4.7,92,1h 26m
Pikhaas,thriller,9.5,14,2h 14m
7 Keys,thriller,6.2,33,1h 33m
The Coldness,thriller,5.2,88,N/A
African American Psycho: The Hip Hop Freak,thriller,5.3,22,N/A
Uruku Patela,thriller,6.4,909,2h 2m
A Christmas Gamble,thriller,7.2,30,N/A
The Deserving,thriller,7.1,84,N/A
Barrier,thriller,N/A,N/A,1h 30m
Sinful Lies,thriller,6.7,8,1h 5m
Dead of Night,thriller,N/A,N/A,N/A
Two Zero One Four,thriller,N/A,N/A,2h 26m
Aftergames,thriller,7.0,31,1h 21m
Premeditated,thriller,6.6,21,1h 35m
Omar,thriller,6.3,342,2h 5m
The Cult,thriller,N/A,N/A,1h 33m
Jacob Tyler,thriller,4.2,71,2h 13m
IC9,thriller,N/A,N/A,2h
House of Screaming Glass,thriller,3.2,54,1h 46m
Pride,thriller,9.0,13,2h 5m
Bond of Justice: Kizuna Part I - Encounter,thriller,6.0,22,1h 32m
Eravamo bambini,thriller,6.4,212,1h 41m
Nindha,thriller,7.9,2000,2h 2m
Tipppsy,thriller,8.1,34,1h 55m
Between Friends,thriller,N/A,N/A,1h 30m
Gin Ke Dus,thriller,7.2,63,1h 55m
Honeymoon,thriller,6.6,113,1h 24m
Pierce,thriller,6.4,153,1h 49m
Room 4D,thriller,2.6,7,2h 10m
The Hunter's Anthology: The Demon Hunter,thriller,4.7,105,2h 6m
Vergüenza,thriller,6.9,25,1h 43m
All We Wanted,thriller,3.5,73,1h 43m
Veppam Kulir Mazhai,thriller,6.9,2200,2h 12m
Siragan,thriller,7.2,156,2h 10m
Framed,thriller,2.6,122,Not Rated
Beline,thriller,5.5,1300,1h 28m
The Housekeeper,thriller,7.9,12,1h 30m
Karanliktan Kacis,thriller,6.0,24,1h 37m
Bonnie,thriller,7.3,49,2h
Raastha,thriller,3.3,265,2h 9m
Bozji gnjev,thriller,7.2,60,1h 51m
The Silent Intruder,thriller,9.1,69,1h 59m
Bahumukham,thriller,8.5,4200,1h 30m
Marine Drive,thriller,9.4,52,1h 45m
Scene Number 62,thriller,5.1,92,2h 6m
Earworm,thriller,2.4,221,1h 41m
Koon,thriller,9.1,113,1h 31m
The Lonely Musketeer,thriller,7.3,21,N/A
Shadows of Betrayal: Chronicles of Ian Blair,thriller,7.3,17,1h 5m
Gawaza Toxic,thriller,4.8,239,1h 51m
A Cold Grave,thriller,3.5,280,1h 15m
Paradox,thriller,N/A,N/A,2h 1m
Panic,thriller,2.2,22,N/A
Raju Gari Ammayi Naidu Gari Abbayi,thriller,8.1,3100,2h 38m
Hotel Underground,thriller,7.5,79,N/A
Chasing Raine,thriller,2.3,189,1h 41m
Phil Herman's Unearthed,thriller,6.2,337,N/A
Overkill,thriller,2.7,34,N/A
Chupp,thriller,8.7,35,2h 13m
Alone,thriller,7.3,16,1h 28m
They Are Watching,thriller,3.8,86,1h 27m
Lucy Grizzli Sophie,thriller,6.8,152,1h 29m
Vampire's House of Cain,thriller,3.6,20,N/A
Potu,thriller,5.5,6,2h 2m
Lies & Loyalty,thriller,6.4,6,N/A
A yard of jackals,thriller,7.4,46,1h 48m
C.D: Criminal or Devil,thriller,6.6,1300,1h 43m
The Path,thriller,6.9,89,N/A
Never Have I Ever,thriller,N/A,N/A,N/A
PinkCity: A Psychedelic Meditation,thriller,N/A,N/A,1h 35m
River of Ghosts,thriller,2.9,311,1h 42m
The Suspect List,thriller,6.2,191,2h
Lúgubre,thriller,8.4,18,1h 20m
Jurassic Exorcist,thriller,4.6,24,1h 16m
Left on Red,thriller,7.4,16,N/A
Losing Lerato 2,thriller,9.0,36,1h 36m
Toxic Harmony,thriller,4.7,32,1h 32m
Telekinesis,thriller,5.8,63,1h 46m
Blood and Black,thriller,6.8,1100,1h 28m
Recall,thriller,N/A,N/A,N/A
Supplier Shankara,thriller,9.3,74,2h 43m
The Shepherd Code,thriller,4.6,47,N/A
Agastya - Chapter 1,thriller,6.9,635,2h 48m
Dark Deceptions,thriller,6.0,39,1h 22m
Cicada,thriller,8.0,129,2h
The Mercedes Story: A Troubled Soul,thriller,7.7,22,2h 8m
Get Close 2,thriller,5.7,47,N/A
Trophy Wife,thriller,4.8,64,1h 28m
The Weight,thriller,N/A,N/A,N/A
Lethal Love Affair,thriller,3.8,55,1h 46m
Jason in Indianapolis: A Friday the 13th Tribute,thriller,6.5,25,2h
Terror House,thriller,N/A,N/A,N/A
P2,thriller,4.5,10,1h 45m
Routa,thriller,6.5,34,2h 7m
Kokuhaku Confession,thriller,5.5,166,1h 14m
Cursed in Baja,thriller,6.7,35,1h 20m
Blood Dried Hands,thriller,6.2,172,1h 55m
Suami Yang Lain,thriller,8.0,42,1h 52m
Njan Kandhatha Sare,thriller,9.4,13,N/A
D,thriller,N/A,N/A,N/A
Undying,thriller,6.5,15,26m
Murderous Intentions,thriller,4.5,27,1h 17m
Single Black Female,thriller,4.4,10,TV-MA
Played and Betrayed,thriller,5.6,83,2h 15m
Untamed,thriller,7.1,10,N/A
Finder,thriller,6.1,88,1h 51m
The Perfect Mother,thriller,5.5,45,1h 32m
Maya,thriller,N/A,N/A,1h 48m
Melanie's Grave,thriller,4.1,106,1h 41m
Aham Reboot,thriller,6.2,1200,1h 31m
Fuck Me Baby,thriller,N/A,N/A,N/A
Tauba Tera Jalwa,thriller,5.4,17,2h 10m
The Whip,thriller,6.4,82,1h 22m
Niyathi,thriller,6.7,173,1h 53m
Nowhere to Be Found,thriller,N/A,N/A,1h 35m
The Red Files,thriller,8.5,608,2h 23m
My Bloody Galentine,thriller,5.2,119,1h 42m
Treasures of Terror: Vol 1,thriller,4.2,21,N/A
Bhai: Sleeper Cell,thriller,N/A,N/A,2h 1m
Hovering Blade,thriller,6.1,247,1h 47m
Highway 905,thriller,7.5,22,1h 26m
Mephisto,thriller,5.3,64,1h 48m
Who Killed Terrance Brown?,thriller,6.7,13,1h 35m
Teenz,thriller,4.4,871,2h 2m
Dashmi,thriller,6.6,126,2h 15m
Incision,thriller,8.5,37,N/A
Dünya Mali: Eksi Bir,thriller,6.8,19,2h 13m
AK47,thriller,7.2,16,2h 26m
Don't Love,thriller,7.7,1500,2h 57m
The Bottom Line,thriller,6.7,14,1h 47m
Manson: Summer of Blood,thriller,6.1,35,1h 2m
Abaddon's Pit,thriller,5.4,48,1h 33m
Overdose,thriller,9.0,56,2h 15m
Surprise 3,thriller,5.1,44,1h 42m
The Mermaid,thriller,7.8,36,1h 45m
Happily Married,thriller,5.9,1400,1h 30m
Twisted by Love,thriller,N/A,N/A,1h 17m
Kingdom of Judas,thriller,6.1,67,N/A
Matinee,thriller,7.5,889,2h 13m
Sada Ronger Prithibi,thriller,8.2,576,2h 33m
Padres,thriller,6.9,47,1h 23m
Roommate Regret,thriller,4.7,126,1h 24m
Tóxico,thriller,6.7,18,1h 28m
A Mirror of Deception,thriller,7.1,27,1h 27m
Lipstick,thriller,6.2,32,2h 25m
Dangerous Rumors,thriller,7.3,60,N/A
The Apocalypse Box,thriller,3.3,250,1h 26m
Irani Chai,thriller,8.6,15,2h
Talahib,thriller,5.4,21,1h 23m
Red Night at Skye's,thriller,6.9,16,1h 22m
Gypsy Moon,thriller,4.9,20,N/A
Para Betina Pengikut Iblis: Part 2,thriller,4.0,133,1h 30m
Operation Laila,thriller,5.5,58,2h 3m
Let Us Make Eve,thriller,3.0,13,1h 30m
Virundhu,thriller,4.5,683,2h 5m
Deadly Retreat,thriller,4.7,116,46m
Atithi,thriller,9.4,10,N/A
Hain,thriller,3.0,52,1h 35m
Hebzucht,thriller,3.1,14,1h 33m
Sanak,thriller,8.7,10,2h 33m
My Life Is on the Line,thriller,5.5,127,1h 25m
No New Friends,thriller,3.4,48,N/A
Breaking Tradition,thriller,6.6,30,1h 27m
Barba Ensopada de Sangue,thriller,5.5,16,1h 48m
Antha Naal,thriller,7.8,1200,1h 38m
Ishttaragam,thriller,9.1,114,N/A
Intrusive,thriller,6.9,17,2h 31m
Beyond Your Consciousness: The Beginning,thriller,6.6,57,1h 30m
Abnormal: Buas,thriller,5.7,29,1h 30m
Darshini,thriller,8.3,2100,2h
Mayavanam,thriller,1.7,291,1h 43m
Lorry Chapter-1,thriller,7.0,3500,3h 3m
10/31 Part 4,thriller,5.5,19,1h 27m
Yeni Safak Solarken,thriller,5.1,124,2h 10m
Döngü,thriller,5.7,142,1h 21m
Banned,thriller,N/A,N/A,1h 35m
Cocaine,thriller,N/A,N/A,N/A
Exit,thriller,4.9,39,1h 36m
"Milk, Rice, and the Blood",thriller,8.4,157,45m
Q: Deep Fake,thriller,1.4,14,1h
Helen,thriller,N/A,N/A,2h 3m
El salto,thriller,5.8,177,1h 36m
Bloodline,thriller,N/A,N/A,N/A
Slay Zone,thriller,7.2,15,N/A
Am Fear Liath,thriller,5.3,43,N/A
Hide,thriller,N/A,N/A,1h 30m
My Little Nightmare,thriller,2.3,105,2h 13m
Out of Breath,thriller,9.4,9,2h 1m
Bloody Money,thriller,N/A,N/A,1h 21m
Treasures of Terror: Vol 2,thriller,3.8,13,N/A
Simon Says,thriller,6.9,24,N/A
Cuadrilátero,thriller,7.5,24,1h 21m
Shi Ren Yu,thriller,2.5,9,1h 11m
Bananahead,thriller,N/A,N/A,24m
Orah,thriller,7.1,25,1h 35m
A Dangerous Prey,thriller,6.6,69,N/A
Carsick,thriller,5.0,45,N/A
Seeking the King,thriller,6.1,8,N/A
Perfumed with Mint,thriller,6.2,28,1h 51m
Plocka tänder med trasiga fingrar,thriller,N/A,N/A,N/A
The Girl with the Fork,thriller,3.5,202,1h 34m
Jada,thriller,N/A,N/A,N/A
I Heard You Buy Souls,thriller,2.7,52,1h 28m
Hydrangeas Blood,thriller,N/A,N/A,N/A
Cluedo,thriller,N/A,N/A,1h 18m
Duobeje,thriller,3.7,1400,N/A
Thankamani,thriller,4.5,239,2h 36m
Mind Wave,thriller,5.4,86,1h 17m
Fanum: Ombre dal passato,thriller,N/A,N/A,N/A
Comrade Yuri,thriller,N/A,N/A,N/A
Poison,thriller,6.8,25,2h
The Rapper Who Got Shot in the Heel,thriller,3.9,21,50m
Rare,thriller,N/A,N/A,N/A
The Journalist,thriller,N/A,N/A,N/A
An Intruder Among Us,thriller,8.8,42,N/A
Terrorise,thriller,4.5,17,1h 17m
La Cigüeña,thriller,6.2,6,1h 38m
Assemblage,thriller,6.4,25,1h 32m
Night Demon,thriller,N/A,N/A,1h
Swallow: The Kiss of Death,thriller,5.3,9,1h 36m
Tiempo de Pagar,thriller,7.3,58,1h 3m
Dia de Finados,thriller,9.2,9,1h 17m
Arctic Hollow,thriller,2.3,187,1h 10m
Grey Games,thriller,8.5,1100,2h 1m
Saapala,thriller,6.0,44,2h 4m
Unknown Caller,thriller,7.3,35,1h 3m
Twisted Justice,thriller,7.2,34,N/A
Suicide by Cop,thriller,9.2,50,N/A
Sugarloaf: Home Sweet Home,thriller,N/A,N/A,1h 37m
Lizzie Lazarus,thriller,4.2,111,1h 31m
Kaya Palat,thriller,9.2,553,N/A
Oru Kattil Oru Muri,thriller,4.6,65,2h 5m
In This House,thriller,5.8,7,1h 16m
Savage Girls,thriller,7.5,9,N/A
Pandemic 2020,thriller,6.6,58,1h 30m
Back Up,thriller,N/A,N/A,N/A
Passages of Nexus,thriller,5.3,327,1h 48m
Secret Shadow,thriller,7.4,18,1h 22m
The Mother God,thriller,N/A,N/A,N/A
The Loop,thriller,5.8,14,1h 19m
Play It Again,thriller,N/A,N/A,1h 4m
Re Xue Ran Shao,thriller,7.3,58,1h 53m
Frka,thriller,7.7,82,1h 49m
Twisted Sister,thriller,5.3,19,N/A
Klandestin,thriller,6.2,36,2h 4m
El agrónomo,thriller,6.4,15,N/A
Do It for the Gram,thriller,4.3,55,1h 30m
Agent Jayne,thriller,7.1,260,N/A
1134,thriller,6.3,1300,1h 43m
Devil Hunters,thriller,8.7,129,2h
Mindwash,thriller,4.8,107,1h 25m
The Eye of the Salamander,thriller,6.0,46,1h 21m
Ten Toes Down,thriller,6.2,52,N/A
The Break of Dawn,thriller,4.1,18,1h 37m
Bigul,thriller,8.7,57,2h 24m
Il Tha Ka Sai Aa,thriller,4.9,13,1h 44m
Salvajes,thriller,5.5,63,1h 30m
M30 OXY,thriller,8.7,18,N/A
Avaidh 2,thriller,N/A,N/A,N/A
Joy Hanu Man,thriller,8.9,27,2h 23m
That One Night,thriller,N/A,N/A,1h 25m
Oneness,thriller,9.4,22,1h 55m
Viraaji,thriller,7.7,2600,1h 40m
Hyde Out,thriller,5.8,26,N/A
Ebony Hustle 2: Ballistic Protection,thriller,3.4,43,1h 35m
Penaruti rupu,thriller,6.0,89,1h 39m
Slay Ride - The Movie,thriller,N/A,N/A,1h 25m
Insular,thriller,5.6,5,N/A
Ameena,thriller,6.3,20,1h 47m
Dan Hawk Psychic Detective,thriller,4.4,39,1h 8m
Ritual,thriller,6.2,9,1h 10m
El día de la tormenta,thriller,8.6,5,N/A
Sync,thriller,8.0,22,N/A
Nueva Tierra,thriller,7.6,33,2h 3m
Harvest,thriller,5.3,19,N/A
Tumbal Darah,thriller,N/A,N/A,1h 32m
Shell of Fear,thriller,4.8,34,1h 33m
Art Work,thriller,N/A,N/A,1h 31m
Green Spaces,thriller,N/A,N/A,48m
Skeleton Coast,thriller,8.0,9,1h 20m
The Circle of Death,thriller,7.5,6,1h 26m
Catfish,thriller,N/A,N/A,52m
IZLIYORLAR,thriller,7.5,39,1h 53m
The Cold Father,thriller,6.8,20,N/A
The Murder of the Monster,thriller,7.1,56,N/A
Haunting Trophies,thriller,6.2,95,2h 30m
This Land of Mine,thriller,4.5,38,1h 30m
Firework,thriller,6.1,14,1h
Abductee,thriller,N/A,N/A,1h 59m
Tatva,thriller,8.3,31,58m
Goodbye Hamdi,thriller,6.6,12,1h 25m
Toxic: Into the Abyss,thriller,N/A,N/A,1h 21m
Maybe It's True What They Say About Us,thriller,6.3,123,1h 34m
Hidden Memories,thriller,5.8,33,1h 24m
Dont,thriller,N/A,N/A,47m
The Millers,thriller,1.6,79,1h 23m
Aranam,thriller,7.5,402,2h 7m
Anarchy Radio,thriller,6.7,48,N/A
Buried on Shine Mountain,thriller,8.9,11,N/A
Nénuphar,thriller,N/A,N/A,1h 45m
Evidence,thriller,9.4,209,N/A
Segredos,thriller,5.8,23,2h
Iravin Kangal,thriller,7.2,174,1h 56m
The Emasculator,thriller,N/A,N/A,1h 16m
Muzhskoe slovo,thriller,6.4,467,1h 34m
Undefiled,thriller,6.0,91,1h 55m
Amigo,thriller,N/A,N/A,N/A
Oh...My Wife,thriller,N/A,N/A,1h 34m
In Her Likeness,thriller,5.0,62,N/A
Seeruwen,thriller,4.8,12,N/A
Beautiful Rage: The Break of Dawn,thriller,6.2,15,2h 20m
The Gatekeeper,thriller,5.5,21,1h 37m
Sugar Mama Killer,thriller,N/A,N/A,1h 21m
Indelebile,thriller,8.7,8,N/A
Tricks,thriller,7.3,13,N/A
An Mang Lau 4,thriller,6.3,28,1h 46m
Dark Secret,thriller,6.0,5,1h 13m
El cuento del lobo,thriller,5.4,7,N/A
Un monde violent,thriller,5.9,27,1h 25m
Break War,thriller,2.7,17,1h 26m
Jajabara  0,thriller,8.4,146,N/A
I Saw Black Clouds,thriller,3.9,37,1h 19m
Indigo: The Last Days,thriller,N/A,N/A,1h 12m
Fractured,thriller,6.7,132,N/A
La Fianza,thriller,7.3,35,1h 32m
Hidden Agenda,thriller,5.0,14,N/A
Murivu,thriller,7.3,403,1h 42m
Dil Dosti Duniyadari,thriller,N/A,N/A,N/A
Hope & Glory,thriller,6.6,153,44m
Kaliachak: Chapter1,thriller,7.5,128,1h 47m
Critic,thriller,N/A,N/A,1h 20m
Snake,thriller,7.7,11,1h 49m
Sorry,thriller,6.3,16,1h 20m
Prove Your Love,thriller,8.3,576,N/A
Daemon Mind,thriller,4.7,34,1h 41m
Abhirami,thriller,7.8,8,1h 47m
Faction Leni Seemakatha,thriller,9.7,54,N/A
The Final List,thriller,N/A,N/A,1h 47m
The Dealer,thriller,7.8,14,2h
Dead Community Guild,thriller,8.0,17,1h 5m
The Voicemail,thriller,4.8,25,1h 23m
Mayaa,thriller,6.9,47,N/A
Quantum Suicide,thriller,6.4,27,1h 27m
Immortal Thieves: The Bloody Heist,thriller,6.9,37,N/A
Deadly Obsession,thriller,6.8,17,1h 30m
The Jealous Ex,thriller,N/A,N/A,1h 9m
Dominus,thriller,N/A,N/A,1h 24m
Abhi,thriller,8.1,47,2h 15m
The Darkening Hour,thriller,3.8,25,N/A
No Conscience,thriller,N/A,N/A,N/A
Robin's Kitchen,thriller,2.8,20,1h 44m
My First Year Off Campus,thriller,7.5,26,1h 24m
Punha Ekda Chaurang,thriller,8.8,10,N/A
Lubuk,thriller,6.7,88,1h 25m
2029,thriller,5.0,10,N/A
Cold Betrayal,thriller,4.6,34,N/A
I Voted,thriller,8.2,11,N/A
Agrinai,thriller,7.9,69,1h 33m
A Man is Dead,thriller,N/A,N/A,N/A
Alex and Mia's Awesome Movie!!,thriller,N/A,N/A,1h 15m
Buio come il cuore,thriller,7.8,26,1h 41m
Dollarspete,thriller,9.3,299,N/A
Los Alamos,thriller,N/A,N/A,1h 31m
Rejection,thriller,5.6,7,N/A
Spin the Wheel,thriller,6.0,89,1h 42m
The American Terrorist,thriller,N/A,N/A,N/A
Metamorfosi dell'essere,thriller,6.9,96,1h 45m
Something in the Dark,thriller,6.9,26,1h 27m
Karna Pisachi,thriller,7.8,2500,1h 43m
The Snatcher,thriller,5.1,12,N/A
London Recruits,thriller,8.7,12,1h 44m
Sincerely Yours,thriller,N/A,N/A,1h 42m
The Hunt for August Red,thriller,6.6,23,1h 47m
Tobias: Dark Hallway,thriller,7.0,10,N/A
StarGazer: The Need of the Many,thriller,4.6,14,47m
Let Me Out,thriller,N/A,N/A,N/A
Tale of the Land,thriller,6.1,22,1h 39m
Killer Bloodline,thriller,N/A,N/A,N/A
Even the Score,thriller,5.2,18,N/A
Gaarud,thriller,9.5,25,N/A
Anak Perjanjian Syaitan 2,thriller,6.4,34,1h 29m
Suburban Nightmare,thriller,4.6,30,1h 30m
The Blood of Saltville,thriller,6.1,9,N/A
Nasha Jurm Aur Gangsters,thriller,6.1,2800,2h 17m
Safe: The Beginning,thriller,N/A,N/A,1h 15m
Who Killed Angel Adams?,thriller,6.4,25,1h 16m
Blades of Grass,thriller,N/A,N/A,1h 31m
Problematic Intentions,thriller,4.6,15,1h 30m
The Deal,thriller,8.9,28,2h 10m
Tatkshan,thriller,8.4,22,N/A
Ananya,thriller,8.8,888,2h 16m
Mesken (Messuage),thriller,7.0,49,1h 39m
Lumme,thriller,7.1,43,1h 32m
Gadera,thriller,5.1,51,1h 48m
Iki Yüzlü,thriller,6.2,10,N/A
Dharma Daiva,thriller,8.0,28,1h 52m
Ext. Car. Night,thriller,4.9,99,1h 13m
Night Games,thriller,5.6,290,1h 39m
Vegas Vixens,thriller,N/A,N/A,N/A
Sathyam,thriller,7.6,11,2h 14m
Masinga - The Calling,thriller,N/A,N/A,1h 21m
Balu Gaani Talkies,thriller,8.0,85,2h 2m
Alone in the Night,thriller,3.8,8,N/A
GADDAR - Bloody Waters,thriller,3.9,50,1h 16m
I Hate You,thriller,7.7,2000,1h 57m
Hopelesss Romantic the Movie,thriller,N/A,N/A,1h 39m
Highway Sheila: Resurrection,thriller,8.5,53,2h 20m
Sundown,thriller,N/A,N/A,1h 35m
Reeza GTR,thriller,7.1,17,1h 31m
Waterdrop,thriller,N/A,N/A,1h 48m
Psycho Roommate,thriller,5.1,13,1h 18m
Zateryannye,thriller,6.0,225,1h 30m
Una jirafa en el balcón,thriller,5.3,65,1h 30m
Insane Like Me?,thriller,4.4,60,1h 26m
Sheltered,thriller,N/A,N/A,N/A
Zehan,thriller,5.0,28,1h 53m
The Monkey Men,thriller,N/A,N/A,1h 46m
Strangers,thriller,6.6,10,1h 39m
Fire of Love: RED,thriller,3.3,9,2h 10m
Varna,thriller,N/A,N/A,N/A
"Fallen Leaves, Broken Lighters",thriller,7.7,9,1h 36m
Dream Lock,thriller,8.2,24,1h 40m
Big/Bad/Wolf,thriller,3.9,11,N/A
Fresh Off Markham,thriller,7.1,42,1h 25m
Legacy of Zyzzyx Road,thriller,N/A,N/A,N/A
Nayan Rahasya,thriller,4.8,172,1h 54m
Fatal Dispatch,thriller,7.0,14,N/A
On Saniye,thriller,5.5,132,1h 12m
Maunam,thriller,8.3,47,1h 46m
Normas para una página de sucesos,thriller,7.1,22,59m
The Little Box of Hope,thriller,N/A,N/A,N/A
Diwe,thriller,N/A,N/A,N/A
I Bring Joy,thriller,5.8,21,N/A
KM17,thriller,3.2,40,1h 24m
Maantrika,thriller,9.2,268,1h 49m
Yentha Panichesav Chanti,thriller,9.4,86,2h 15m
Entrelinhas,thriller,6.8,33,1h 33m
Fractured,thriller,7.1,15,1h 25m
The Midnight Gag,thriller,4.9,10,1h 20m
Kinoplenka N8,thriller,4.3,59,1h 50m
Blue Christmas,thriller,5.6,23,1h 19m
Winemaker,thriller,5.4,39,59m
Kanni,thriller,8.6,179,2h 7m
Rong Dhong,thriller,8.8,42,1h 58m
The Door (Qapi),thriller,8.6,15,1h 40m
The Faerie Queene,thriller,N/A,N/A,1h 33m
Implanted,thriller,N/A,N/A,1h 22m
Perpetrators in Government Systems,thriller,N/A,N/A,N/A
Sathur,thriller,7.9,10,N/A
Barzakh,thriller,N/A,N/A,1h 24m
Jimmi,thriller,N/A,N/A,N/A
The Haunting of Hollywood,thriller,6.8,276,1h 25m
The Defender,thriller,6.3,8,N/A
Wilhelm Gustloff,thriller,8.7,9,1h 50m
Plain Sight,thriller,N/A,N/A,N/A
Neurosis,thriller,N/A,N/A,N/A
Boarding House,thriller,6.4,13,1h 26m
Rem,thriller,N/A,N/A,1h 12m
Max Beyond,thriller,6.6,19,1h 33m
Maid to Kill,thriller,N/A,N/A,1h 31m
Scarred to Death,thriller,4.7,52,1h 30m
Cândido,thriller,6.4,70,1h 39m
Choke,thriller,7.5,22,1h 38m
Bharathanatyam,thriller,5.7,1600,2h 49m
A Girl with Closed Eyes,thriller,5.8,54,1h 45m
Escape,thriller,N/A,N/A,N/A
Duffle Bag Boy,thriller,6.7,63,N/A
Decoy,thriller,9.4,9,1h 3m
Decibel,thriller,5.2,9,N/A
Sambavami Yuge Yuge,thriller,7.6,627,2h 43m
Landkrimi: Steirergift,thriller,6.4,75,1h 30m
Phoenix Street,thriller,6.3,36,N/A
First Person Savior,thriller,4.9,12,1h 21m
Mukhya Gamanika,thriller,8.4,2100,2h 5m
Housekeeping,thriller,6.0,42,1h 38m
Light House,thriller,N/A,N/A,1h 48m
Eco Village,thriller,6.8,23,N/A
Fated,thriller,6.1,80,1h 33m
Jewel Thief,thriller,6.1,1000,2h 2m
Chef Chidambara,thriller,5.5,1100,1h 45m
Crypto Shadows,thriller,5.9,105,1h 20m
Dead Boys Club,thriller,6.3,26,1h 45m
Kiss Me Once,thriller,6.6,6,1h 20m
Tormenta en el Corazón,thriller,5.6,91,1h 35m
Demon Host,thriller,6.4,20,1h 20m
Play Along,thriller,N/A,N/A,1h 30m
The Cult,thriller,N/A,N/A,1h 33m
The Man with the Camera,thriller,N/A,N/A,1h 38m
The Clean Up,thriller,N/A,N/A,N/A
Insomniac,thriller,N/A,N/A,1h
Dadu,thriller,N/A,N/A,N/A
Loss of Essence,thriller,7.1,22,N/A
Societat negra,thriller,6.8,33,2h 16m
El Cas Àngelus. La fascinació de Dalí,thriller,5.5,24,1h 25m
Entre Nosotros,thriller,N/A,N/A,N/A
Limerence,thriller,N/A,N/A,N/A
Iravinil Aatam Par,thriller,2.8,154,1h 58m
Leha,thriller,2.3,43,1h 38m
Spending Some Time Together,thriller,6.9,30,2h 26m
Mudo Kannu,thriller,7.8,2100,1h 40m
Los Justos,thriller,6.4,75,1h 19m
Inti Number 13,thriller,7.6,1100,2h 7m
Winner,thriller,5.1,31,1h 8m
Gen 2,thriller,3.4,14,N/A
Untouchable,thriller,N/A,N/A,N/A
Turned Out: The Movie,thriller,N/A,N/A,1h 35m
Persona,thriller,N/A,N/A,N/A
Manju Maria,thriller,N/A,N/A,2h 45m
Mystery Creek,thriller,N/A,N/A,1h 54m
Apatiya,thriller,6.9,53,N/A
LLB: Life Line of Bachelors,thriller,7.9,164,2h 2m
Insurance Jimmy,thriller,6.5,150,1h 50m
Necrophile,thriller,N/A,N/A,N/A
Revu,thriller,7.9,2100,2h 14m
Beauty Grace Malice,thriller,7.6,46,1h 21m
El extraño detrás de la puerta,thriller,N/A,N/A,1h 15m
Clownface 3,thriller,8.2,58,1h 44m
Chacaleria,thriller,7.8,423,1h 56m
Dead in a Day,thriller,N/A,N/A,N/A
Operation C.A.T.S.,thriller,N/A,N/A,1h 30m
Sangharshana,thriller,7.3,1600,1h 42m
Killcon,thriller,9.5,14,31m
Ahalya,thriller,6.0,10,2h 12m
Dheera Samrat,thriller,9.7,100,2h 3m
Uno Sir,thriller,6.5,47,1h 46m
"Crickets, It's Your Turn",thriller,6.1,42,1h 45m
Black.White.Red.,thriller,7.8,25,1h 33m
Trap,thriller,3.8,16,1h 58m
Scandalous,thriller,N/A,N/A,1h 26m
Dragon Gate Inn,thriller,N/A,N/A,1h 30m
Portti 44,thriller,6.7,24,N/A
Sierra's Gold,thriller,N/A,N/A,1h 30m
My Rocking Chair,thriller,6.5,12,1h 4m
Blood Moon,thriller,N/A,N/A,N/A
Mano Propia,thriller,7.3,36,1h 39m
The Whisper Within the Woods,thriller,7.7,27,N/A
Kaa - The Forest,thriller,5.6,8,N/A
Venus Effect,thriller,5.7,21,N/A
Veekshanam,thriller,7.7,2000,2h 2m
Grant Us Eyes,thriller,N/A,N/A,51m
Lester,thriller,N/A,N/A,1h 23m
Widowbird,thriller,N/A,N/A,1h 25m
The Last Meeting,thriller,N/A,N/A,N/A
Voglio guardare,thriller,N/A,N/A,2h 5m
Perception,thriller,N/A,N/A,N/A
Unseen,thriller,N/A,N/A,1h 7m
Di Renjie: Tongtian xuan an,thriller,6.8,21,1h 25m
Horror Unmasked,thriller,3.5,23,Not Rated
La mort viendra,thriller,6.0,44,1h 41m
Diari de la meva sextorsió,thriller,6.6,56,1h 4m
The Psychiatrist: Session Begins,thriller,N/A,N/A,N/A
The Lost Man,thriller,N/A,N/A,1h 30m
Hocus Focus,thriller,7.9,20,1h 25m
Vorovka,thriller,4.9,57,1h 30m
Tento,thriller,N/A,N/A,2h 10m
Ponder,thriller,N/A,N/A,1h 20m
The Milano Effect,thriller,5.8,48,1h 15m
The Daughter,thriller,6.6,13,1h 37m
The Colonizer,thriller,N/A,N/A,1h 17m
Level Trap,thriller,8.3,13,N/A
Yagna,thriller,7.1,2200,2h 11m
Green Card,thriller,6.3,18,1h 55m
Targeted,thriller,5.1,14,1h 17m
Revenge,thriller,N/A,N/A,1h 5m
Breakdown,thriller,N/A,N/A,1h 29m
Gossip to Die For,thriller,5.2,85,1h 34m
Toxic Lust,thriller,3.0,8,N/A
An Education,thriller,N/A,N/A,N/A
Corridor,thriller,5.9,10,1h 48m
Abduction Chronicles,thriller,8.5,38,2h 6m
Disparue,thriller,N/A,N/A,1h 39m
Macho Man 3,thriller,6.2,15,N/A
Abakwa,thriller,N/A,N/A,1h 40m
The Ganja,thriller,6.5,11,N/A
Mania,thriller,N/A,N/A,2h 11m
The Mollusk Murders,thriller,N/A,N/A,46m
I Curse This Land,thriller,4.0,96,1h 26m
Mash Ville,thriller,6.9,20,2h 6m
The Unrighteous,thriller,5.1,35,1h 27m
Blitz,thriller,7.2,9,6m
Snatched,thriller,5.8,9,1h 11m
Vi possiamo salvare,thriller,2.7,104,1h 29m
The Set Up,thriller,N/A,N/A,1h 10m
Funérailles (Non ti voglio),thriller,N/A,N/A,N/A
Neighbors Who Kill,thriller,5.3,40,1h 30m
Vanity Flaw,thriller,N/A,N/A,N/A
Passazhiry,thriller,4.2,35,1h 20m
Kill Kevin,thriller,N/A,N/A,N/A
Ang mga halang,thriller,N/A,N/A,1h 35m
Double Karma,thriller,N/A,N/A,N/A
God Must Die,thriller,N/A,N/A,1h 44m
Por tu bien,thriller,7.4,11,1h 17m
Hangar,thriller,7.6,9,1h 24m
Widows Fire,thriller,N/A,N/A,1h 50m
Parva,thriller,N/A,N/A,N/A
Mom's Coming,thriller,N/A,N/A,2h 2m
Una luz afuera,thriller,6.4,8,1h 20m
Executioner,thriller,N/A,N/A,N/A
Ad Absurdum,thriller,N/A,N/A,1h 27m
Don Goyo,thriller,N/A,N/A,1h 10m
The Bora,thriller,N/A,N/A,1h 25m
Entre Fronteras,thriller,N/A,N/A,N/A
Useful Idiots,thriller,8.3,19,1h 32m
The Last Five Days: The Freak Building,thriller,3.7,60,1h 1m
Husna,thriller,N/A,N/A,2h 30m
Bridgeport: The Movie,thriller,N/A,N/A,N/A
GRIP: A Brandon Bias Production,thriller,N/A,N/A,N/A
Un día cualquiera,thriller,5.7,15,1h 30m
Simharoopini,thriller,9.1,14,2h 5m
Historias invisibles,thriller,6.3,30,1h 50m
Helen Razor,thriller,4.9,9,N/A
Neighborhood,thriller,5.8,5,1h 24m
An Unkept Secret,thriller,3.9,11,N/A
Auto,thriller,N/A,N/A,1h 36m
Dead Power,thriller,N/A,N/A,N/A
The Burden of Guilt,thriller,8.6,19,1h 41m
Prachand,thriller,N/A,N/A,N/A
Pungut,thriller,7.7,17,1h 40m
God's Not Here II: Trials & Tribulations,thriller,6.8,11,N/A
The Inspector,thriller,N/A,N/A,N/A
East Bay Confidential,thriller,N/A,N/A,18+
Malice in Manila,thriller,N/A,N/A,N/A
Dirty Dilemma,thriller,5.3,705,1h 4m
Induced 2,thriller,N/A,N/A,N/A
Deadly Defendant,thriller,N/A,N/A,1h 6m
Restoring Grace,thriller,3.2,47,1h
Pathimoonnam Rathri,thriller,N/A,N/A,N/A
The Madman,thriller,N/A,N/A,1h 30m
Khoroshie devochki,thriller,8.7,8,1h 31m
Rangeet,thriller,N/A,N/A,N/A
Ictus: Paciente Cero,thriller,N/A,N/A,N/A
Vladimir,thriller,7.8,16,1h 12m
Missing in STL,thriller,5.0,8,52m
Hejjaru,thriller,8.8,287,2h 6m
Inventario,thriller,N/A,N/A,N/A
Oculi - Det eneste vitnet,thriller,7.9,16,1h 32m
Compression,thriller,8.0,15,2h 4m
Night Curfew,thriller,8.2,7,N/A
Akkaran,thriller,4.4,28,1h 47m
The Ruffian,thriller,N/A,N/A,1h 38m
Scholarship,thriller,4.6,57,1h 45m
Katala - Oyun Gecesi,thriller,4.5,11,N/A
Duplicitous Minds,thriller,N/A,N/A,N/A
Eyes Don't Lie,thriller,8.4,11,1h 30m
Wasabi - not a fairy tale,thriller,4.7,14,1h 59m
Ghosted,thriller,N/A,N/A,50m
You Can Only Blink Once,thriller,N/A,N/A,29m
Krapiva: Tsvetok smerti,thriller,6.1,59,1h 21m
Phantasm,thriller,N/A,N/A,11m
Within the Walls,thriller,6.4,15,1h 36m
Tandavam,thriller,N/A,N/A,N/A
Sragaal,thriller,8.5,21,2h 20m
Bahirbhoomi,thriller,4.0,1100,2h
Squali,thriller,7.4,11,1h 46m
Dla waszego dobra,thriller,5.8,9,1h 40m
Corpórea,thriller,5.9,8,N/A
SkullHunter,thriller,N/A,N/A,N/A
Bulanik,thriller,4.6,16,1h 31m
Lie Du,thriller,3.2,10,1h 47m
Rudrakshapuram 3KM,thriller,8.8,2000,1h 56m
RK Vellimegham,thriller,9.2,108,N/A
Voploshchenie,thriller,5.3,30,2h 12m
Obscura,thriller,6.3,9,1h 29m
Namak,thriller,4.5,13,1h 15m
Unknown Soja,thriller,N/A,N/A,N/A
Raktbeez,thriller,N/A,N/A,N/A
The Platinum Loop,thriller,9.0,12,N/A
Following,thriller,N/A,N/A,50m
A kiút,thriller,9.6,60,47m
Lavinya,thriller,N/A,N/A,1h 40m
Piri Reis: The Incredible Chart,thriller,7.0,27,2h 18m
Kiss Wagon,thriller,6.0,13,2h 53m
Blood of My Brother,thriller,N/A,N/A,N/A
U235,thriller,N/A,N/A,N/A
Sunnyfield Kids,thriller,N/A,N/A,N/A
Bush Knife,thriller,7.4,9,1h 30m
Las Corredoras,thriller,6.2,40,1h 50m
Vinchuca,thriller,8.6,8,1h 35m
The Pipes,thriller,N/A,N/A,1h 23m
Finally Home,thriller,N/A,N/A,1h 3m
My Choice,thriller,N/A,N/A,2h 22m
Bhediya: The Hunter,thriller,N/A,N/A,2h 5m
Rear View Mirror,thriller,N/A,N/A,1h 25m
Deadly Intent,thriller,N/A,N/A,N/A
Nerve,thriller,9.6,13,1h 30m
Dead Talk Tales: Volume I,thriller,6.6,28,1h 38m
Mercy of Others,thriller,6.9,19,1h 45m
Villain,thriller,7.9,8,N/A
Pisara - Mystery Within Mystery,thriller,8.8,6,N/A
Asesinatos en la costa azul,thriller,N/A,N/A,2m
Shed 17 & Project G-1 the Movie,thriller,N/A,N/A,1h 25m
Alchemy of Solitude,thriller,N/A,N/A,N/A
Poyyamozhi,thriller,N/A,N/A,N/A
La Sombra del Juez,thriller,8.4,25,1h 50m
Melted Lipstick,thriller,N/A,N/A,N/A
Spider-Man: Dimension Rift,thriller,8.5,15,2h 7m
Godless Children,thriller,6.6,18,1h 39m
Malam Pertobatan,thriller,6.7,14,1h 21m
False Front,thriller,6.4,5,2h
Incident,thriller,N/A,N/A,2h 8m
The Actor That Got Chased Around the City,thriller,6.7,11,N/A
Never Escape,thriller,8.7,370,1h 55m
Pagalariyaan,thriller,4.5,687,1h 51m
Lies Buried Inside,thriller,N/A,N/A,N/A
Safe the Revelation,thriller,N/A,N/A,1h 9m
Settimo grado,thriller,N/A,N/A,N/A
Giant fish,thriller,N/A,N/A,1h 24m
Shushur: The Frozen Times,thriller,N/A,N/A,1h 41m
Signal Lost: Revelations,thriller,N/A,N/A,1h 31m
Those Who Inherit the Earth,thriller,7.5,25,N/A
U 235 Kannada,thriller,7.4,9,N/A
The Last Night,thriller,4.6,12,N/A
A Killer Inside,thriller,N/A,N/A,N/A
Beware the Dark,thriller,N/A,N/A,N/A
La cerveza sabe a mierda,thriller,N/A,N/A,N/A
Kanmani Pappa,thriller,6.2,26,2h 10m
The Gimp and the Hitman,thriller,8.1,11,N/A
Shoroter Joba,thriller,4.4,24,2h 3m
Reset,thriller,6.0,6,1h 35m
Section 302 - Aynamohol,thriller,N/A,N/A,55m
Ekpebiwo m (I have Decided),thriller,N/A,N/A,N/A
Praapthi,thriller,8.5,520,2h 10m
3Devi,thriller,9.0,22,2h 6m
The Swift,thriller,N/A,N/A,33m
Changle zhen gui shi,thriller,N/A,N/A,1h 28m
Janthu,thriller,N/A,N/A,N/A
Dvija,thriller,8.4,519,2h 7m
Ekti Khola Janala,thriller,5.1,76,N/A
Skotodini,thriller,8.8,17,1h 21m
A Mensageira,thriller,N/A,N/A,2h 22m
Love Lies & Happy Ever After,thriller,N/A,N/A,N/A
Ramuvinte Manaivikal,thriller,N/A,N/A,1h 56m
The Reserve,thriller,N/A,N/A,N/A
High Rise 3: Run to Peril,thriller,8.4,8,N/A
La hija de Lázaro,thriller,3.0,19,N/A
Samhain,thriller,N/A,N/A,N/A
Who's Watching,thriller,N/A,N/A,1h 33m
Wunderkammer - La camera delle meraviglie,thriller,N/A,N/A,1h 15m
The Vortex,thriller,N/A,N/A,25m
There Is a Monster,thriller,3.7,179,1h 22m
Sounds Like A Great Project!,thriller,N/A,N/A,1h 15m
Evil for Evil,thriller,N/A,N/A,44m
ETA,thriller,N/A,N/A,17m
Penumbra: Requiem,thriller,N/A,N/A,1h 31m
Cementerio Maldito,thriller,N/A,N/A,50m
Charming Men - Part 3,thriller,N/A,N/A,49m
The Other Side,thriller,N/A,N/A,46m
The Blood Brothers,thriller,N/A,N/A,1h 34m
Balipe,thriller,8.5,13,1h 59m
Robo King,thriller,N/A,N/A,1h 38m
Chivaraku Migiledi,thriller,N/A,N/A,1h 3m
Don't Sleep,thriller,N/A,N/A,1h 40m
A Silent Crime,thriller,N/A,N/A,N/A
Dreamhaus,thriller,N/A,N/A,N/A
Smrst,thriller,5.5,163,2h 2m
Jaspal,thriller,7.0,34,1h 46m
Rodnya,thriller,5.9,14,1h 39m
L'anima salva,thriller,6.2,12,N/A
Pitha 23:23,thriller,N/A,N/A,N/A
The Soul That Ties Us,thriller,N/A,N/A,N/A
Fragmentos de Olvido,thriller,N/A,N/A,1h 34m
Where the Mountain Women Sing,thriller,5.9,9,15m
The End of Roblox City,thriller,N/A,N/A,2h 44m
SI Kodandapani,thriller,N/A,N/A,1h 58m
Vengeance,thriller,N/A,N/A,1h 13m
Matched,thriller,N/A,N/A,N/A
Kek 2,thriller,N/A,N/A,1h 38m
Turbo,thriller,5.2,43,N/A
Estación Wadley,thriller,N/A,N/A,1h 36m
Word,thriller,8.0,10,N/A
Bet on Black,thriller,N/A,N/A,N/A
Mabel,thriller,N/A,N/A,2h 30m
Cities That Live... Die ...Berlin,thriller,N/A,N/A,N/A
Got U,thriller,2.0,7,1h 3m
The Message,thriller,N/A,N/A,54m
Once Upon a Time in Amityville,thriller,3.7,57,1h 13m
Killer Baby Daddy,thriller,4.4,15,1h 18m
Anthima Theerpu,thriller,7.0,1600,2h 13m
"Bernadotte, Louise & Napoleon",thriller,N/A,N/A,1h 14m
Wu Ye Guai Tan,thriller,N/A,N/A,N/A
Cacophony the Animated Movie,thriller,N/A,N/A,1h 21m
Mertsanie,thriller,5.4,23,1h 32m
Dangerous Link,thriller,4.2,15,1h 30m
Mirrors: Oneirataxia,thriller,N/A,N/A,9m
Bagundi,thriller,N/A,N/A,N/A
The Ego Death of Queen Cecilia,thriller,8.9,12,1h 25m
Dank Frank,thriller,N/A,N/A,1h 23m
Goodnight Killer,thriller,N/A,N/A,1h 46m
"The Actor, the Nurse, & The Cryptid",thriller,N/A,N/A,2h 11m
Toxic Traits,thriller,4.1,41,N/A
You Were Promised to Me,thriller,5.3,8,1h 32m
Troubled Mystic,thriller,N/A,N/A,N/A
Going South,thriller,N/A,N/A,1h 22m
Tafakur,thriller,5.4,37,1h 22m
The Nightmare Diaries,thriller,N/A,N/A,10m
Ill fated,thriller,N/A,N/A,TV-14
Rangeli,thriller,9.0,126,2h 20m
What Lies Within,thriller,5.2,13,1h 30m
Counterplay,thriller,6.2,9,N/A
Erracheera,thriller,N/A,N/A,N/A
Loose Luck,thriller,N/A,N/A,N/A
Bad for You,thriller,N/A,N/A,1h 15m
Blood Money,thriller,N/A,N/A,1h 21m
Lorii,thriller,9.7,9,N/A
Money Tantra,thriller,N/A,N/A,1h 40m
Lachrymose Primrose,thriller,6.3,41,1h 37m
SMB-plush presents trick or death,thriller,7.5,18,2h
Ryding Durty,thriller,8.0,10,N/A
Hide & Seek,thriller,N/A,N/A,N/A
Isabella: Diary of A Foster Girl,thriller,N/A,N/A,1h 50m
A Szobor,thriller,N/A,N/A,N/A
"...Mayombe, Paula?",thriller,N/A,N/A,N/A
Napoleon Street,thriller,N/A,N/A,1h 50m
Kreem,thriller,6.8,130,1h 55m
Conviction,thriller,7.0,41,1h 37m
Jimmy's Friends,thriller,7.4,15,1h 34m
The Harmonica Man,thriller,N/A,N/A,1h 8m
Nasoor - Let's Restart,thriller,9.5,22,1h 56m
Der Dritte Gast,thriller,3.3,43,1h 13m
Laberinto de sombras,thriller,6.1,9,1h 50m
De Ijaazat Rahun Tujhme,thriller,N/A,N/A,2h
Diamonds and Pearls,thriller,N/A,N/A,N/A
Änel,thriller,6.3,23,N/A
Vae Victis,thriller,8.2,7,1h 26m
Dark World,thriller,4.9,19,2h 15m
The Siege: Archangel One,thriller,6.9,8,N/A
A Coffin of Stars,thriller,5.2,6,1h 40m
Dependence,thriller,N/A,N/A,N/A
Family Guy Plush: Peter Is Afraid,thriller,N/A,N/A,1h 49m
Rebel,thriller,N/A,N/A,1h 29m
Young Man Kannada,thriller,N/A,N/A,N/A
Case No.15,thriller,N/A,N/A,1h 44m
"Fear, Forget My Name",thriller,N/A,N/A,N/A
Triangle,thriller,N/A,N/A,N/A
Una via fredda per l'inferno,thriller,5.9,75,1h 22m
Unwelcome Home,thriller,8.0,9,1h 15m
'Descontrol',thriller,N/A,N/A,N/A
Maxx Ki Gunn,thriller,N/A,N/A,N/A
Trench,thriller,N/A,N/A,41m
La Zone,thriller,N/A,N/A,1h 28m
Sane,thriller,N/A,N/A,1h 24m
Don't Leave Yet,thriller,N/A,N/A,1h 25m
Weerya,thriller,N/A,N/A,N/A
Thalakona,thriller,5.7,1000,2h 8m
Estepa,thriller,8.2,5,1h 26m
Verified,thriller,5.1,9,1h 37m
Meghna Konnya,thriller,4.1,9,2h 1m
Morgan's Bedroom,thriller,N/A,N/A,1h 21m
Ellige Payana Yavudo Daari,thriller,8.3,258,2h 14m
Im Haus der alten Augustin,thriller,8.3,15,1h 48m
Story Time with Devon,thriller,9.0,10,55m
One More Day,thriller,7.1,9,50m
Removal of the Eye,thriller,5.7,15,1h 33m
Once Passed On,thriller,6.6,7,1h 31m
The Ties That Bind,thriller,N/A,N/A,N/A
Atlantikwall,thriller,N/A,N/A,1h 12m
Secrets & Murder,thriller,N/A,N/A,1h 12m
Hood Safari,thriller,N/A,N/A,1h 11m
Art of War,thriller,N/A,N/A,N/A
El Banquete - Deseos Impunes,thriller,N/A,N/A,1h 32m
Letters to Goddo,thriller,N/A,N/A,1h 48m
Squatters,thriller,N/A,N/A,N/A
Thar,thriller,N/A,N/A,N/A
"Bullets, Brothers and Blood",thriller,7.8,15,1h 25m
Kill Em with a Smile,thriller,3.1,15,N/A
Don't Trust,thriller,N/A,N/A,1h 12m
Manassu: a Psychological Thriller,thriller,N/A,N/A,1h 40m
Colpevole,thriller,N/A,N/A,N/A
Justicia Paranormal,thriller,N/A,N/A,N/A
Dhooni,thriller,N/A,N/A,N/A
Klaantha,thriller,6.0,520,1h 47m
Retrospect,thriller,6.2,19,N/A
Dhanussh,thriller,6.9,19,2h 25m
Yaa Devi Sarva Bhuteshu,thriller,8.7,9,1h 59m
Pigment,thriller,4.8,21,1h 32m
Criminals,thriller,3.8,20,N/A
The Trial,thriller,N/A,N/A,N/A
Kintsugi,thriller,N/A,N/A,N/A
The Night Devours,thriller,N/A,N/A,N/A
The Killer,thriller,N/A,N/A,N/A
I'm Seeing Things,thriller,N/A,N/A,54m
Mad Dreams,thriller,N/A,N/A,1h 23m
Luck,thriller,N/A,N/A,1h 57m
The Cicada Code,thriller,N/A,N/A,N/A
Moya devochka,thriller,6.3,18,1h 15m
Travesty,thriller,7.3,12,1h 18m
Revengeful Trauma,thriller,N/A,N/A,1h 26m
The Best Day of Your Life,thriller,N/A,N/A,1h 1m
Payback,thriller,N/A,N/A,N/A
The Rap Game,thriller,N/A,N/A,1h 32m
Daar's Bloed,thriller,N/A,N/A,47m
Smell,thriller,N/A,N/A,1h 21m
Kabandha,thriller,9.2,30,2h 4m
Kenda,thriller,8.9,21,2h 15m
New Squam City,thriller,8.0,7,1h 11m
Sarcophagus of Drunken Loves,thriller,6.0,11,8m
Un actor se prepara,thriller,6.6,5,1h 22m
Dawn Break,thriller,N/A,N/A,1h 41m
Cubic,thriller,N/A,N/A,N/A
Lakeside's Mission: Impossible,thriller,N/A,N/A,N/A
Last Call,thriller,N/A,N/A,N/A
Pierrot è un assassino,thriller,N/A,N/A,2h
Aquele que Viu o Abismo,thriller,N/A,N/A,1h 10m
26 January,thriller,N/A,N/A,N/A
Partida,thriller,N/A,N/A,N/A
Payback,thriller,N/A,N/A,N/A
Madness Unplugged,thriller,N/A,N/A,17m
Offline: O Filme,thriller,N/A,N/A,1h 9m
Memorium - avant la fin,thriller,N/A,N/A,N/A
Last days of franco,thriller,N/A,N/A,N/A
Social Creatures,thriller,N/A,N/A,1h 12m
Korsakoff,thriller,N/A,N/A,1h 40m
Zaman Dark,thriller,N/A,N/A,1h 33m
"Agnes, Beauty is a Painted Hell",thriller,N/A,N/A,14m
The Lead,thriller,N/A,N/A,1h 48m
Demolition Warriors,thriller,N/A,N/A,1h 55m
Bhoot Jolokiya,thriller,N/A,N/A,1h 28m
Bipolar,thriller,N/A,N/A,1h 15m
Jugalbandhi,thriller,9.2,147,N/A
Shanti Appartment Flat no 203,thriller,9.5,41,N/A
Boney Island Reality Show,thriller,4.2,23,1h 27m
Ngesot,thriller,4.8,18,1h 27m
Danny,thriller,N/A,N/A,N/A
The Rebirth of Love,thriller,N/A,N/A,N/A
The Wager,thriller,N/A,N/A,1h 23m
2 Days in Quito,thriller,N/A,N/A,2h 4m
Everything I Never Expected,thriller,N/A,N/A,1h 20m
Trespasses @SheKnows,thriller,N/A,N/A,N/A
I Wish You Were Here,thriller,N/A,N/A,N/A
Bureau 2,thriller,N/A,N/A,N/A
La Casa de las Galletas,thriller,N/A,N/A,N/A
"I forgive you, mama",thriller,N/A,N/A,N/A
Perfect Valentine Gift,thriller,N/A,N/A,N/A
Face Deep,thriller,N/A,N/A,1h 30m
In Unison,thriller,N/A,N/A,1h 40m
Mega Star Fan,thriller,N/A,N/A,2h 18m
Are You My Friend??,thriller,N/A,N/A,1h 42m
Il guru,thriller,8.2,16,1h 56m
Sanketh,thriller,8.0,15,1h 52m
Trouble in Mocoville,thriller,8.7,10,N/A
Nias,thriller,4.4,10,1h 2m
Falling Daniel,thriller,N/A,N/A,1h 20m
Liaisons Dangereuses X,thriller,N/A,N/A,1h 3m
The Scarlet Fry Collection,thriller,N/A,N/A,N/A
Pinky Swear-Whatever She Wants,thriller,N/A,N/A,N/A
The View from Above,thriller,N/A,N/A,1h 43m
Stalker Walker,thriller,N/A,N/A,11m
A Day for Driving,thriller,N/A,N/A,1h 18m
Finding Jane,thriller,N/A,N/A,1h 6m
Malvila Farm,thriller,N/A,N/A,N/A
Aatmanirbhar Bharat,thriller,N/A,N/A,N/A
Tour Guide,thriller,N/A,N/A,N/A
Buc-ees: Curse of the Beaver,thriller,N/A,N/A,N/A
Jealousy,thriller,N/A,N/A,1h 26m
Vypusti menya,thriller,6.6,33,1h 18m
The Vent,thriller,8.9,15,3m
Redención en la Oscuridad,thriller,8.9,9,1h 29m
Fatal Secret,thriller,5.9,18,N/A
Kurban: Budak Iblis,thriller,4.3,15,1h 27m
Wolves in the Woods,thriller,2.0,8,49m
Devin Turner's the Facility,thriller,N/A,N/A,N/A
Hei Shui Ling,thriller,N/A,N/A,N/A
Gate,thriller,N/A,N/A,N/A
I'm Sorry Son,thriller,N/A,N/A,1h 29m
Troublous Weekend,thriller,N/A,N/A,1h 17m
Where the Rabbits Go,thriller,N/A,N/A,N/A
El Centinela de las Ánimas,thriller,N/A,N/A,N/A
Find Her,thriller,N/A,N/A,1h 22m
The Quarantine,thriller,N/A,N/A,N/A
Singleness is Bliss,thriller,N/A,N/A,1h 28m
Sister Psycho,thriller,N/A,N/A,1h 11m
Smelling the Dirt and the Coming Rain,thriller,N/A,N/A,2h 1m
JunkieLove,thriller,N/A,N/A,54m
Mangu the Fighter,thriller,N/A,N/A,1h 45m
Deux hommes un destin,thriller,N/A,N/A,1h 34m
Las Cenizas,thriller,N/A,N/A,1h 11m
The Faceless Man Project,thriller,N/A,N/A,1h 29m
Lethal Trip,thriller,N/A,N/A,N/A
Toys R Us (Fanmade FIim),thriller,N/A,N/A,2h
Red Flags: The Movie,thriller,N/A,N/A,1h 48m
Heartbreak and Lullabies,thriller,N/A,N/A,N/A
Anartha,thriller,9.2,219,2h 7m
Applepictures the Poseidon Legacy,thriller,6.6,20,1h 24m
Aprokashito,thriller,8.0,8,1h 50m
So It Goes,thriller,3.2,19,1h 17m
Mr. Stones,thriller,N/A,N/A,N/A
White Cherry,thriller,N/A,N/A,N/A
The Cardenio Project (Una historia de Quijote),thriller,N/A,N/A,N/A
KA,thriller,N/A,N/A,1h 30m
The Wait Game,thriller,N/A,N/A,N/A
La Isla,thriller,N/A,N/A,1h 15m
Arrive Alive,thriller,N/A,N/A,N/A
The Dark Hammock,thriller,N/A,N/A,1h 9m
Black Game Night,thriller,N/A,N/A,N/A
Painted Smile,thriller,N/A,N/A,N/A
L'Aigle Du Vieux-Moulin,thriller,N/A,N/A,50m
Snatched,thriller,N/A,N/A,N/A
Palm Down,thriller,N/A,N/A,N/A
Stories for the Mind,thriller,N/A,N/A,49m
Toque de Queda,thriller,N/A,N/A,2h
Sugar Daddy Killer,thriller,N/A,N/A,1h 16m
Nero,thriller,N/A,N/A,N/A
The GoAnimate Killer,thriller,N/A,N/A,N/A
Trepidation,thriller,N/A,N/A,1h 20m
Gorgeous Rascal,thriller,3.0,155,N/A
Alemari E Baduku,thriller,8.9,14,N/A
Ajaan,thriller,9.0,9,N/A
Vexier,thriller,7.9,12,1h 24m
Rift_The Movie,thriller,7.0,6,N/A
Blues de la Civilización,thriller,5.2,7,1h 9m
Til Death Do Us,thriller,3.6,6,N/A
Praamaadya: An Intoxication,thriller,N/A,N/A,32m
OTT-Over the Target,thriller,N/A,N/A,2h 30m
Obbattu,thriller,N/A,N/A,1h 50m
Infant at Heart,thriller,N/A,N/A,2h 12m
Smuggler's Paradise,thriller,N/A,N/A,1h 54m
Karmayogam (Return Gift),thriller,N/A,N/A,1h 59m
An Angel Knocking on My Door,thriller,N/A,N/A,1h
Whispered Voices,thriller,N/A,N/A,1h 30m
Crysalide,thriller,N/A,N/A,N/A
The Veyshal Movie,thriller,N/A,N/A,2h
Isolation Zone 5,thriller,N/A,N/A,1h 28m
Systems Research,thriller,N/A,N/A,1h 15m
Cast Party,thriller,N/A,N/A,N/A
Viramam Tarwatha,thriller,N/A,N/A,2h 4m
Floresta de Pedra,thriller,N/A,N/A,1h 40m
Resolver,thriller,N/A,N/A,N/A
Matracia: Favorite Ghost,thriller,N/A,N/A,N/A
Shubh Chintak,thriller,N/A,N/A,N/A
Into Pitch Black,thriller,N/A,N/A,N/A
Soul Harvest,thriller,N/A,N/A,N/A
Nothingness,thriller,N/A,N/A,1h 6m
Synthium,thriller,N/A,N/A,1h 27m
Method,thriller,N/A,N/A,46m
The Boy Inside the Cocoon,thriller,N/A,N/A,2h 6m
Specter Predators,thriller,N/A,N/A,8m
Leave It All Behind,thriller,N/A,N/A,24m
Break of Dawn,thriller,N/A,N/A,N/A
Karanligin Ofkesi,thriller,N/A,N/A,1h 14m
No Fury,thriller,N/A,N/A,N/A
Kampta,thriller,N/A,N/A,1h 26m
Shriyut Non Maharashtrian,thriller,N/A,N/A,1h 48m
Reefer Monster Madness,thriller,N/A,N/A,N/A
The Kingfish 2,thriller,7.9,12,1h 12m
Urbex,thriller,8.5,7,N/A
Tienes 24 horas,thriller,7.4,7,1h 1m
The Bostrom Scenario,thriller,N/A,N/A,1h 53m
Tangled Tales: The Movie,thriller,N/A,N/A,N/A
Walk Silent,thriller,N/A,N/A,N/A
Mis-Fortuned,thriller,N/A,N/A,N/A
8PM to 8AM,thriller,N/A,N/A,N/A
Haze,thriller,N/A,N/A,N/A
Virjan,thriller,N/A,N/A,N/A
Internal Bleeding,thriller,N/A,N/A,1h 12m
Mutation X,thriller,N/A,N/A,51m
Kamilota,thriller,N/A,N/A,N/A
Two Girls,thriller,N/A,N/A,1h 28m
Hanging On,thriller,N/A,N/A,N/A
Alter-Ego Film Project,thriller,N/A,N/A,N/A
Admonition,thriller,N/A,N/A,N/A
Lot 24 the Rental,thriller,N/A,N/A,1h 10m
Sathaan,thriller,N/A,N/A,N/A
V pogone za kamnem,thriller,N/A,N/A,1h 35m
Black Magic,thriller,N/A,N/A,1h 13m
Crashout Kingz,thriller,N/A,N/A,56m
Aurat,thriller,N/A,N/A,N/A
Madrugadas de hielo,thriller,N/A,N/A,N/A
Night Haul,thriller,N/A,N/A,2h 40m
The Fear of Phasmophobia: House of the Paranormal,thriller,N/A,N/A,13m
Frica De Noapte,thriller,N/A,N/A,N/A
Lacerta,thriller,N/A,N/A,N/A
Zimmedari Umeed Azadi Sandyeep (ZUAS),thriller,N/A,N/A,N/A
Wet Bulb Temperature,thriller,N/A,N/A,1h 49m
R,thriller,N/A,N/A,N/A
Hi8 Resurrectio Director's Cut,thriller,N/A,N/A,1h 17m
Not to Be Played With,thriller,6.6,6,N/A
Aquila,thriller,N/A,N/A,N/A
Learn to Love Death,thriller,N/A,N/A,26m
A Vanished Puppet,thriller,N/A,N/A,1h 25m
Cyclus,thriller,N/A,N/A,1h
A Hot Mess,thriller,N/A,N/A,N/A
Ek Raat Baki,thriller,N/A,N/A,N/A
Verge of Deception,thriller,N/A,N/A,N/A
The multiverse arc,thriller,N/A,N/A,1h 22m
Sharp Elements,thriller,N/A,N/A,54m
End Zone,thriller,N/A,N/A,N/A
Nuclear Family,thriller,N/A,N/A,1h 55m
Maranayudham,thriller,N/A,N/A,2h 21m
Combat Code: Hunt,thriller,7.7,20,1h 16m
Traced 2,thriller,9.5,11,N/A
Adrishya Awaaz,thriller,9.0,9,1h 20m
Vmeste navsegda,thriller,8.5,8,1h 33m
Gadha17,thriller,4.7,21,1h 30m
Kautal,thriller,8.5,7,N/A
Cageling,thriller,5.8,8,1h 9m
Young doctor's notes,thriller,3.5,7,1h 26m
Demon in the Glass,thriller,N/A,N/A,N/A
Victoria Kelly,thriller,N/A,N/A,N/A
Witchcast,thriller,N/A,N/A,1h 8m
Zoza,thriller,N/A,N/A,1h 30m
Ashwatthama Hatha Kunjaraha,thriller,N/A,N/A,2h 4m
House of April 1st,thriller,N/A,N/A,N/A
House 107,thriller,N/A,N/A,N/A
Tebqe Adate Hamishegi Man,thriller,N/A,N/A,N/A
Doom Walker,thriller,N/A,N/A,1h 5m
Ondu Pishachiya Kathe,thriller,N/A,N/A,N/A
Frozen Run,thriller,N/A,N/A,1h 31m
Case #111-878,thriller,N/A,N/A,N/A
Lost Love One,thriller,N/A,N/A,N/A
Kempu Haladi Hasiru,thriller,N/A,N/A,N/A
L'attaque du bloc d'or,thriller,N/A,N/A,2h 16m
Gunehegaar,thriller,N/A,N/A,1h 8m
The Stooges Cigarette,thriller,N/A,N/A,N/A
M: Chemical,thriller,N/A,N/A,N/A
Enamorado De Una Bruja 4,thriller,N/A,N/A,1h 5m
Vdokhnovenie,thriller,N/A,N/A,1h 27m
Creepy Uncle Frankie,thriller,N/A,N/A,N/A
Lockdown inside me,thriller,N/A,N/A,N/A
Labyrinth,thriller,N/A,N/A,54m
Blue Power,thriller,N/A,N/A,N/A
Thief,thriller,N/A,N/A,N/A
Twisted America,thriller,N/A,N/A,49m
El Diario de David,thriller,N/A,N/A,1h 3m
Bulanik,thriller,N/A,N/A,N/A
Nyay Anyay,thriller,N/A,N/A,1h 59m
Lilata,thriller,N/A,N/A,N/A
La Bruja Muerta 2,thriller,N/A,N/A,45m
The 13th,thriller,N/A,N/A,N/A
The Shortest Cut,thriller,N/A,N/A,1h 31m
Liberty for All,thriller,N/A,N/A,46m
Gla,thriller,N/A,N/A,N/A
By Day They Meet with Darkness,thriller,N/A,N/A,N/A
Le Détraqué de Lobé 2,thriller,N/A,N/A,N/A
Paranormal Encounters at the Miami YMCA,thriller,N/A,N/A,52m
Cash and Stack: Urban Assassins,thriller,N/A,N/A,Unrated
It Hides,thriller,N/A,N/A,1h 9m
Fragile Hearts,thriller,N/A,N/A,N/A
Weird Typhoon,thriller,N/A,N/A,1h 13m
Pomeranski,thriller,N/A,N/A,N/A
Stella,thriller,N/A,N/A,N/A
My Time to Make It Happen: As Told by Tiana Melvina,thriller,N/A,N/A,42m
Familia,thriller,N/A,N/A,50m
Ulikkipadda Uppada,thriller,N/A,N/A,N/A
Sa Likod ng Ngiti,thriller,N/A,N/A,N/A
Alma En Pena,thriller,N/A,N/A,45m
Some Deep-Fried Trouble,thriller,N/A,N/A,48m
Ghostly Secrets of Hotel San Carlos,thriller,N/A,N/A,1h 23m
Innocent Looks,thriller,N/A,N/A,N/A
Fiebre Caribe,thriller,N/A,N/A,N/A
Spiracy,thriller,N/A,N/A,N/A
Murderous Liaison,thriller,N/A,N/A,N/A
Dream of Deceit,thriller,N/A,N/A,N/A
Project Block,thriller,N/A,N/A,1h 6m
El Brujo Joaquín,thriller,N/A,N/A,48m
Kaala,thriller,N/A,N/A,N/A
Fatal Infatuation,thriller,N/A,N/A,N/A
On Air,thriller,N/A,N/A,N/A
Culturegeist,thriller,N/A,N/A,N/A
The Film Lost to Time,thriller,N/A,N/A,1h 15m
Proyecto Fantasma,thriller,N/A,N/A,2h
Réfractions,thriller,N/A,N/A,1h 3m
One More Inch,thriller,N/A,N/A,N/A
My Last Words,thriller,N/A,N/A,N/A
Dangerous Masala,thriller,N/A,N/A,N/A
Voices from the Grave,thriller,N/A,N/A,1h 25m
Silk Saree,thriller,N/A,N/A,2h 5m
My American Therapist Should Have Listened IV,thriller,N/A,N/A,N/A
Poor Clare,thriller,N/A,N/A,1h 59m
Preet Binjara,thriller,N/A,N/A,1h 56m
The Dogs Separation,thriller,N/A,N/A,1h 30m
Contro un iceberg di polistirolo,thriller,N/A,N/A,2h
Mi Tía Del Más Allá,thriller,N/A,N/A,48m
Mind and Distortion,thriller,N/A,N/A,57m
Yean Yeathuku Yeppadi from Dishoreabinash,thriller,N/A,N/A,49m
The Birth,thriller,N/A,N/A,N/A
Seclusion,thriller,N/A,N/A,18m
Drive All Night,thriller,N/A,N/A,N/A
Socker,thriller,N/A,N/A,2h
Writers Block,thriller,N/A,N/A,1h 26m
